id,er,hari,beep,beep_total,stres,pa
1,81.9,1,1,1,54.2,58.3
1,81.9,1,2,2,33.1,60.9
1,81.9,1,3,3,24.5,46.7
1,81.9,1,4,4,56,31.6
1,81.9,1,5,5,50.4,38.3
1,81.9,2,1,6,46,62.6
1,81.9,2,2,7,77.3,72.6
1,81.9,2,3,8,27.5,68.8
1,81.9,2,4,9,59.4,55.1
1,81.9,2,5,10,65,44.9
1,81.9,3,1,11,54.5,55.1
1,81.9,3,2,12,46.9,49.6
1,81.9,3,3,13,54.7,52
1,81.9,3,4,14,37.6,53.4
1,81.9,3,5,15,36.5,60.3
1,81.9,4,1,16,77.4,49.8
1,81.9,4,2,17,53.7,53
1,81.9,4,3,18,45.7,61.8
1,81.9,4,4,19,51.3,49.6
1,81.9,4,5,20,28.5,60.9
1,81.9,5,1,21,30.3,58.8
1,81.9,5,2,22,51.7,68
1,81.9,5,3,23,43.7,50.4
1,81.9,5,4,24,39.3,56.1
1,81.9,5,5,25,26.7,54.3
1,81.9,6,1,26,42.1,57.4
1,81.9,6,2,27,35,54
1,81.9,6,3,28,35.3,49.8
1,81.9,6,4,29,50.1,56.6
1,81.9,6,5,30,47.3,58.7
1,81.9,7,1,31,70,53.7
1,81.9,7,2,32,46.4,45.6
1,81.9,7,3,33,54,43.8
1,81.9,7,4,34,65.5,57
1,81.9,7,5,35,44,52
2,44.3,1,1,1,8.7,67.3
2,44.3,1,2,2,15.2,64
2,44.3,1,3,3,17.2,61.5
2,44.3,1,4,4,42.5,60.6
2,44.3,1,5,5,40.7,65.9
2,44.3,2,1,6,30.1,65.2
2,44.3,2,2,7,20.9,60.3
2,44.3,2,3,8,4.9,65.7
2,44.3,2,4,9,18.1,57.1
2,44.3,2,5,10,44.8,69.3
2,44.3,3,1,11,35.2,68.6
2,44.3,3,2,12,18.1,79.3
2,44.3,3,3,13,56.5,47.6
2,44.3,3,4,14,12.4,57.7
2,44.3,3,5,15,19.7,63.9
2,44.3,4,1,16,26.1,60.4
2,44.3,4,2,17,29,61.3
2,44.3,4,3,18,26.4,54
2,44.3,4,4,19,13.1,88.2
2,44.3,4,5,20,40.8,64
2,44.3,5,1,21,19.9,49
2,44.3,5,2,22,35.8,52.7
2,44.3,5,3,23,32.8,61.4
2,44.3,5,4,24,30.7,76.3
2,44.3,5,5,25,32.6,77.6
2,44.3,6,1,26,25.7,58.2
2,44.3,6,2,27,49.2,62.4
2,44.3,6,3,28,35,69.8
2,44.3,6,4,29,21.4,59.9
2,44.3,6,5,30,31,65.4
2,44.3,7,1,31,29.7,62.6
2,44.3,7,2,32,33.4,51.6
2,44.3,7,3,33,19.7,60.1
2,44.3,7,4,34,31.6,66.9
2,44.3,7,5,35,10.6,77.7
3,52.5,1,1,1,54.1,41.7
3,52.5,1,2,2,39.7,41
3,52.5,1,3,3,50.6,40.4
3,52.5,1,4,4,70.2,35.2
3,52.5,1,5,5,59.3,28
3,52.5,2,1,6,41.4,45.5
3,52.5,2,2,7,64.9,46
3,52.5,2,3,8,51,28.5
3,52.5,2,4,9,62.2,33.8
3,52.5,2,5,10,30.7,55.4
3,52.5,3,1,11,51.4,30.5
3,52.5,3,2,12,65.2,30.9
3,52.5,3,3,13,57.8,38.9
3,52.5,3,4,14,54.9,42.2
3,52.5,3,5,15,28.9,52.5
3,52.5,4,1,16,76.1,49.9
3,52.5,4,2,17,30,42.7
3,52.5,4,3,18,48.6,38.7
3,52.5,4,4,19,53.3,26.8
3,52.5,4,5,20,57.3,40.7
3,52.5,5,1,21,53,49.2
3,52.5,5,2,22,48.2,45.3
3,52.5,5,3,23,51.4,44.8
3,52.5,5,4,24,38.7,44.8
3,52.5,5,5,25,26.8,39.9
3,52.5,6,1,26,51.7,50.8
3,52.5,6,2,27,55.5,49.6
3,52.5,6,3,28,61.4,42.5
3,52.5,6,4,29,56.3,32
3,52.5,6,5,30,59.2,48.2
3,52.5,7,1,31,56.2,42.7
3,52.5,7,2,32,37.8,45.5
3,52.5,7,3,33,44.3,55.8
3,52.5,7,4,34,29.4,51.1
3,52.5,7,5,35,46.3,49.4
4,74,1,1,1,47.1,76.8
4,74,1,2,2,52.2,60.6
4,74,1,3,3,64.6,70.8
4,74,1,4,4,46.2,64.4
4,74,1,5,5,50.5,62.5
4,74,2,1,6,55.8,71.3
4,74,2,2,7,44.6,74.6
4,74,2,3,8,36.2,75.2
4,74,2,4,9,30.4,78.2
4,74,2,5,10,37.4,78.3
4,74,3,1,11,39.1,73.8
4,74,3,2,12,46.6,77
4,74,3,3,13,57.2,79.5
4,74,3,4,14,45.9,82.1
4,74,3,5,15,37.2,92.8
4,74,4,1,16,57.2,72.8
4,74,4,2,17,50.6,75
4,74,4,3,18,44.5,75.5
4,74,4,4,19,50.3,74.7
4,74,4,5,20,30.6,81.9
4,74,5,1,21,72.6,66.9
4,74,5,2,22,56.2,60.2
4,74,5,3,23,56,69.3
4,74,5,4,24,34,57.4
4,74,5,5,25,66.5,44.2
4,74,6,1,26,47,72.7
4,74,6,2,27,38.7,65.2
4,74,6,3,28,75.8,55.8
4,74,6,4,29,55.5,64.3
4,74,6,5,30,50.9,66.9
4,74,7,1,31,51.7,48.8
4,74,7,2,32,49.5,55.1
4,74,7,3,33,60.6,63.5
4,74,7,4,34,46.7,62.9
4,74,7,5,35,71.3,62.2
5,52.9,1,1,1,13.6,68.2
5,52.9,1,2,2,40.3,67.9
5,52.9,1,3,3,39.3,83.1
5,52.9,1,4,4,18.6,67.9
5,52.9,1,5,5,28.5,80.7
5,52.9,2,1,6,41.4,79.9
5,52.9,2,2,7,36.3,71.7
5,52.9,2,3,8,27.9,77.8
5,52.9,2,4,9,36.1,70.7
5,52.9,2,5,10,9.4,72.1
5,52.9,3,1,11,32.8,67.5
5,52.9,3,2,12,5.7,74.6
5,52.9,3,3,13,55.9,74.8
5,52.9,3,4,14,40.1,72.2
5,52.9,3,5,15,16.1,72.6
5,52.9,4,1,16,35.5,65.1
5,52.9,4,2,17,29.2,69.1
5,52.9,4,3,18,28.7,67.5
5,52.9,4,4,19,26.2,65.9
5,52.9,4,5,20,20.7,61.6
5,52.9,5,1,21,30.5,45.6
5,52.9,5,2,22,25,53.7
5,52.9,5,3,23,33.2,66.2
5,52.9,5,4,24,22.4,76
5,52.9,5,5,25,15.6,77.4
5,52.9,6,1,26,27,82.2
5,52.9,6,2,27,44.6,66.2
5,52.9,6,3,28,26.2,67.6
5,52.9,6,4,29,24,68.6
5,52.9,6,5,30,33.4,86.9
5,52.9,7,1,31,25.7,70.2
5,52.9,7,2,32,47.8,58.4
5,52.9,7,3,33,16.4,71.6
5,52.9,7,4,34,21,69
5,52.9,7,5,35,12.6,73.1
6,53.4,1,1,1,63.5,60.5
6,53.4,1,2,2,52,60.8
6,53.4,1,3,3,56.6,73.1
6,53.4,1,4,4,46.4,66.9
6,53.4,1,5,5,52.3,57.1
6,53.4,2,1,6,41.2,65.2
6,53.4,2,2,7,41.9,64.4
6,53.4,2,3,8,52.6,46.3
6,53.4,2,4,9,63.5,50.6
6,53.4,2,5,10,59.4,56.4
6,53.4,3,1,11,42.9,69.9
6,53.4,3,2,12,46.1,74.6
6,53.4,3,3,13,60.1,66.3
6,53.4,3,4,14,32.3,83.8
6,53.4,3,5,15,48.7,58.5
6,53.4,4,1,16,43.8,71.1
6,53.4,4,2,17,50,72.1
6,53.4,4,3,18,37.7,73.2
6,53.4,4,4,19,30.4,72.6
6,53.4,4,5,20,45.4,63.8
6,53.4,5,1,21,36.2,59.4
6,53.4,5,2,22,70.7,50.7
6,53.4,5,3,23,41.1,67.3
6,53.4,5,4,24,54.6,66.8
6,53.4,5,5,25,28.1,83.2
6,53.4,6,1,26,38.6,66.7
6,53.4,6,2,27,28,66.9
6,53.4,6,3,28,48.1,55.2
6,53.4,6,4,29,58.1,43.3
6,53.4,6,5,30,40.3,52.9
6,53.4,7,1,31,51.5,57.5
6,53.4,7,2,32,59.3,66.8
6,53.4,7,3,33,15.8,72.5
6,53.4,7,4,34,50.3,62.8
6,53.4,7,5,35,50.5,74.4
7,32.8,1,1,1,41,50.9
7,32.8,1,2,2,56.2,25.2
7,32.8,1,3,3,60,46.1
7,32.8,1,4,4,63.5,46
7,32.8,1,5,5,42.8,56.2
7,32.8,2,1,6,47.8,44.8
7,32.8,2,2,7,56.1,51.4
7,32.8,2,3,8,65.7,56.5
7,32.8,2,4,9,64.8,37.9
7,32.8,2,5,10,39,40.8
7,32.8,3,1,11,75.2,23.7
7,32.8,3,2,12,41.4,40
7,32.8,3,3,13,57.5,29.1
7,32.8,3,4,14,65.8,42.9
7,32.8,3,5,15,46.4,55.9
7,32.8,4,1,16,59.7,47.7
7,32.8,4,2,17,61.3,47.4
7,32.8,4,3,18,31.8,55.1
7,32.8,4,4,19,61.2,40.7
7,32.8,4,5,20,63.3,50.3
7,32.8,5,1,21,58.2,47.7
7,32.8,5,2,22,34.7,56.8
7,32.8,5,3,23,70.1,42.5
7,32.8,5,4,24,56,58.9
7,32.8,5,5,25,47,48.2
7,32.8,6,1,26,59.6,43.7
7,32.8,6,2,27,34.3,64
7,32.8,6,3,28,53.7,55.5
7,32.8,6,4,29,65.2,40.1
7,32.8,6,5,30,55.5,43.9
7,32.8,7,1,31,39.6,47.2
7,32.8,7,2,32,38.3,51.8
7,32.8,7,3,33,77.7,33.5
7,32.8,7,4,34,46.3,48
7,32.8,7,5,35,53.9,52
8,48.9,1,1,1,39.9,63.3
8,48.9,1,2,2,61.9,52.1
8,48.9,1,3,3,46.4,57.8
8,48.9,1,4,4,40.9,60.1
8,48.9,1,5,5,45.1,59.2
8,48.9,2,1,6,51.2,45.3
8,48.9,2,2,7,38.2,60.4
8,48.9,2,3,8,37.7,65.5
8,48.9,2,4,9,34.6,69.5
8,48.9,2,5,10,32.3,84.3
8,48.9,3,1,11,63.2,61.9
8,48.9,3,2,12,23.6,88.8
8,48.9,3,3,13,56.6,61.7
8,48.9,3,4,14,56.7,57
8,48.9,3,5,15,68.9,46.6
8,48.9,4,1,16,62.2,54.7
8,48.9,4,2,17,52.8,51.1
8,48.9,4,3,18,39.8,66.3
8,48.9,4,4,19,62.7,61.2
8,48.9,4,5,20,53.6,59.3
8,48.9,5,1,21,37.1,64.1
8,48.9,5,2,22,40.6,74.6
8,48.9,5,3,23,61.4,53.9
8,48.9,5,4,24,64,49
8,48.9,5,5,25,55.2,49.7
8,48.9,6,1,26,46.2,59.5
8,48.9,6,2,27,60.1,53.9
8,48.9,6,3,28,63.2,57.6
8,48.9,6,4,29,74.4,48.5
8,48.9,6,5,30,71.3,46.2
8,48.9,7,1,31,46.8,64.1
8,48.9,7,2,32,44.1,56.5
8,48.9,7,3,33,79.3,34.8
8,48.9,7,4,34,60.1,42
8,48.9,7,5,35,51.1,48.5
9,41.6,1,1,1,62.9,36.1
9,41.6,1,2,2,64,37.7
9,41.6,1,3,3,40.3,38.9
9,41.6,1,4,4,44.6,45.8
9,41.6,1,5,5,48.2,51.9
9,41.6,2,1,6,71.7,47.4
9,41.6,2,2,7,74.2,38.7
9,41.6,2,3,8,52.1,44.1
9,41.6,2,4,9,36.3,53.1
9,41.6,2,5,10,40.3,55
9,41.6,3,1,11,66,46.1
9,41.6,3,2,12,64.6,52.2
9,41.6,3,3,13,41.2,61.3
9,41.6,3,4,14,62.5,54
9,41.6,3,5,15,41.5,58.7
9,41.6,4,1,16,39.7,50.6
9,41.6,4,2,17,69.4,46.6
9,41.6,4,3,18,53.6,51.6
9,41.6,4,4,19,46.5,51.3
9,41.6,4,5,20,72.6,51.1
9,41.6,5,1,21,64.8,41.6
9,41.6,5,2,22,58,52.4
9,41.6,5,3,23,23.7,58.2
9,41.6,5,4,24,47.9,58.1
9,41.6,5,5,25,36.2,70.9
9,41.6,6,1,26,55.2,38.9
9,41.6,6,2,27,55.9,48.8
9,41.6,6,3,28,48.5,41.2
9,41.6,6,4,29,60.7,41.1
9,41.6,6,5,30,60.5,48.8
9,41.6,7,1,31,18.8,74.4
9,41.6,7,2,32,78.3,47.2
9,41.6,7,3,33,75.7,44
9,41.6,7,4,34,43.8,53.3
9,41.6,7,5,35,65.7,57
10,56.5,1,1,1,38.9,63.9
10,56.5,1,2,2,37.1,63.5
10,56.5,1,3,3,40.9,54
10,56.5,1,4,4,47.1,55.1
10,56.5,1,5,5,51.6,54.3
10,56.5,2,1,6,53.2,39.2
10,56.5,2,2,7,40.9,60.4
10,56.5,2,3,8,52.2,52.9
10,56.5,2,4,9,51.1,56.9
10,56.5,2,5,10,45.5,63
10,56.5,3,1,11,70.4,51.7
10,56.5,3,2,12,60.1,55.9
10,56.5,3,3,13,38.7,72.7
10,56.5,3,4,14,64.1,62.1
10,56.5,3,5,15,51.6,73.4
10,56.5,4,1,16,40.2,66.6
10,56.5,4,2,17,64.6,59.4
10,56.5,4,3,18,44.9,67.8
10,56.5,4,4,19,39.2,70.1
10,56.5,4,5,20,43.4,74.2
10,56.5,5,1,21,48.5,57
10,56.5,5,2,22,71.3,46
10,56.5,5,3,23,28.3,74
10,56.5,5,4,24,45.2,58.3
10,56.5,5,5,25,69.6,50
10,56.5,6,1,26,63.3,48
10,56.5,6,2,27,45.8,60.7
10,56.5,6,3,28,35.9,54.4
10,56.5,6,4,29,53.6,55
10,56.5,6,5,30,48,48
10,56.5,7,1,31,53.9,48.1
10,56.5,7,2,32,53,59.2
10,56.5,7,3,33,51.8,48.3
10,56.5,7,4,34,32.9,53
10,56.5,7,5,35,53.8,56.6
11,68.5,1,1,1,21.4,71.5
11,68.5,1,2,2,46.4,62.2
11,68.5,1,3,3,54.2,69.7
11,68.5,1,4,4,24.3,79.7
11,68.5,1,5,5,38.7,82
11,68.5,2,1,6,37.4,70.7
11,68.5,2,2,7,47.7,70.8
11,68.5,2,3,8,61.2,81.9
11,68.5,2,4,9,43.7,80.9
11,68.5,2,5,10,62.9,76.5
11,68.5,3,1,11,70.7,80
11,68.5,3,2,12,36.9,81
11,68.5,3,3,13,31.2,69.4
11,68.5,3,4,14,42.7,72.2
11,68.5,3,5,15,61.2,73.7
11,68.5,4,1,16,53.6,87.9
11,68.5,4,2,17,26.5,58.9
11,68.5,4,3,18,32.3,67.9
11,68.5,4,4,19,41.1,76.8
11,68.5,4,5,20,33.9,60
11,68.5,5,1,21,27.6,69.3
11,68.5,5,2,22,37.9,55.9
11,68.5,5,3,23,30.7,77.3
11,68.5,5,4,24,29.7,66.8
11,68.5,5,5,25,39.7,76
11,68.5,6,1,26,35.2,70.7
11,68.5,6,2,27,43.4,69
11,68.5,6,3,28,36.2,64.6
11,68.5,6,4,29,58.8,67.5
11,68.5,6,5,30,59.4,70.9
11,68.5,7,1,31,55,67.5
11,68.5,7,2,32,27.5,59.2
11,68.5,7,3,33,57,64.8
11,68.5,7,4,34,53.6,58.5
11,68.5,7,5,35,33.4,65.8
12,58.7,1,1,1,56.8,50.9
12,58.7,1,2,2,47.4,60.3
12,58.7,1,3,3,47.3,73.2
12,58.7,1,4,4,48.4,61.7
12,58.7,1,5,5,55.3,57.4
12,58.7,2,1,6,61.3,63.3
12,58.7,2,2,7,47.2,59.7
12,58.7,2,3,8,59.1,47.1
12,58.7,2,4,9,54,53.6
12,58.7,2,5,10,53,57.1
12,58.7,3,1,11,52.5,55.1
12,58.7,3,2,12,48.7,57.6
12,58.7,3,3,13,66.6,63
12,58.7,3,4,14,63.9,66.4
12,58.7,3,5,15,60.3,61.5
12,58.7,4,1,16,72.1,54.5
12,58.7,4,2,17,55,57.7
12,58.7,4,3,18,56,68.1
12,58.7,4,4,19,46.1,72.1
12,58.7,4,5,20,50.8,68.4
12,58.7,5,1,21,44.1,68.3
12,58.7,5,2,22,61.2,57.9
12,58.7,5,3,23,54.5,51.6
12,58.7,5,4,24,56.1,46.3
12,58.7,5,5,25,38.6,56.6
12,58.7,6,1,26,39,75.7
12,58.7,6,2,27,56.5,77.4
12,58.7,6,3,28,65.8,52.5
12,58.7,6,4,29,72.8,72.1
12,58.7,6,5,30,40.3,69.1
12,58.7,7,1,31,62.5,68.4
12,58.7,7,2,32,31.3,76.7
12,58.7,7,3,33,84.6,52.4
12,58.7,7,4,34,52.5,57.4
12,58.7,7,5,35,65.9,62.7
13,53.7,1,1,1,38.6,56.7
13,53.7,1,2,2,32.1,56.5
13,53.7,1,3,3,43.5,56.6
13,53.7,1,4,4,37,59.4
13,53.7,1,5,5,35.4,61
13,53.7,2,1,6,33.8,61.4
13,53.7,2,2,7,16.6,73.4
13,53.7,2,3,8,64.6,55.6
13,53.7,2,4,9,22.9,62.6
13,53.7,2,5,10,32.5,72
13,53.7,3,1,11,23.5,52.7
13,53.7,3,2,12,45.8,55.6
13,53.7,3,3,13,45.5,57.2
13,53.7,3,4,14,39.7,65.7
13,53.7,3,5,15,42,52.3
13,53.7,4,1,16,59.4,44.7
13,53.7,4,2,17,40.2,64.7
13,53.7,4,3,18,18,67.4
13,53.7,4,4,19,26.2,68.2
13,53.7,4,5,20,47.4,59.8
13,53.7,5,1,21,40.9,64.2
13,53.7,5,2,22,43.8,62.1
13,53.7,5,3,23,47.9,44
13,53.7,5,4,24,52.5,49
13,53.7,5,5,25,55.9,58.7
13,53.7,6,1,26,52.7,55.2
13,53.7,6,2,27,58.7,55.6
13,53.7,6,3,28,52.5,66.5
13,53.7,6,4,29,26.2,66.8
13,53.7,6,5,30,51.9,49.2
13,53.7,7,1,31,46.3,63.3
13,53.7,7,2,32,34.6,60.3
13,53.7,7,3,33,44.2,64.6
13,53.7,7,4,34,66.8,58.2
13,53.7,7,5,35,45.5,58.1
14,55.8,1,1,1,36,84.3
14,55.8,1,2,2,40,75
14,55.8,1,3,3,36.7,68.5
14,55.8,1,4,4,45.6,69.8
14,55.8,1,5,5,38.5,78.4
14,55.8,2,1,6,41.3,62.2
14,55.8,2,2,7,40.4,59.8
14,55.8,2,3,8,45.1,56.4
14,55.8,2,4,9,32.2,67
14,55.8,2,5,10,29,71
14,55.8,3,1,11,51.1,66.8
14,55.8,3,2,12,25.7,75.7
14,55.8,3,3,13,27.7,68.7
14,55.8,3,4,14,28.1,52.7
14,55.8,3,5,15,26.8,58.4
14,55.8,4,1,16,31.1,71.1
14,55.8,4,2,17,41.7,74.6
14,55.8,4,3,18,54.8,75
14,55.8,4,4,19,34.8,75.5
14,55.8,4,5,20,31.4,84.5
14,55.8,5,1,21,50.3,64.1
14,55.8,5,2,22,42.3,68.2
14,55.8,5,3,23,41.4,73
14,55.8,5,4,24,53.5,64.4
14,55.8,5,5,25,54.8,68.2
14,55.8,6,1,26,8.7,80.4
14,55.8,6,2,27,35.9,72.7
14,55.8,6,3,28,41.1,72.8
14,55.8,6,4,29,19.3,80.2
14,55.8,6,5,30,19.7,66.8
14,55.8,7,1,31,38.6,61
14,55.8,7,2,32,37,71.4
14,55.8,7,3,33,54.4,72.1
14,55.8,7,4,34,27.6,63.9
14,55.8,7,5,35,23.3,74.3
15,17.7,1,1,1,11.6,68.8
15,17.7,1,2,2,19.1,64.6
15,17.7,1,3,3,0,60.5
15,17.7,1,4,4,12.9,62.5
15,17.7,1,5,5,4.6,64.3
15,17.7,2,1,6,0.4,71.8
15,17.7,2,2,7,15,66.8
15,17.7,2,3,8,21.2,65.1
15,17.7,2,4,9,4,85.3
15,17.7,2,5,10,0,86.3
15,17.7,3,1,11,0,72.6
15,17.7,3,2,12,0,78.1
15,17.7,3,3,13,10.8,63.6
15,17.7,3,4,14,0,78.8
15,17.7,3,5,15,15.9,78.5
15,17.7,4,1,16,0,84.1
15,17.7,4,2,17,6.5,70.3
15,17.7,4,3,18,0,76.6
15,17.7,4,4,19,19.9,63.4
15,17.7,4,5,20,0,71.4
15,17.7,5,1,21,11.1,56.6
15,17.7,5,2,22,20.9,68.2
15,17.7,5,3,23,5.3,87.8
15,17.7,5,4,24,27.2,71.9
15,17.7,5,5,25,0,67.6
15,17.7,6,1,26,6.2,57.1
15,17.7,6,2,27,0,80
15,17.7,6,3,28,9.6,70.9
15,17.7,6,4,29,0,71.2
15,17.7,6,5,30,8.9,68.2
15,17.7,7,1,31,0,64.5
15,17.7,7,2,32,14,52
15,17.7,7,3,33,21,68.5
15,17.7,7,4,34,14,67
15,17.7,7,5,35,6,89.8
16,64.6,1,1,1,54,49.1
16,64.6,1,2,2,60.1,67
16,64.6,1,3,3,45,65.8
16,64.6,1,4,4,66.6,54.4
16,64.6,1,5,5,49.1,69
16,64.6,2,1,6,23.9,79
16,64.6,2,2,7,47.9,65.9
16,64.6,2,3,8,43.8,79.4
16,64.6,2,4,9,48.8,76.5
16,64.6,2,5,10,29.1,73.6
16,64.6,3,1,11,31,78.9
16,64.6,3,2,12,43.2,74.8
16,64.6,3,3,13,42.7,76.6
16,64.6,3,4,14,46.5,65.4
16,64.6,3,5,15,63.6,64.4
16,64.6,4,1,16,40.7,67.8
16,64.6,4,2,17,41.6,73
16,64.6,4,3,18,59.7,57
16,64.6,4,4,19,54.5,82.8
16,64.6,4,5,20,61.7,79.3
16,64.6,5,1,21,48.3,78.1
16,64.6,5,2,22,58.8,76.1
16,64.6,5,3,23,52.6,73.5
16,64.6,5,4,24,51.7,82.2
16,64.6,5,5,25,45.6,73.6
16,64.6,6,1,26,52.2,75.5
16,64.6,6,2,27,60.1,66.4
16,64.6,6,3,28,31.8,80.2
16,64.6,6,4,29,58.1,78.4
16,64.6,6,5,30,21.6,98.1
16,64.6,7,1,31,19.7,100
16,64.6,7,2,32,66.3,73.5
16,64.6,7,3,33,33.1,85.7
16,64.6,7,4,34,82.3,61.2
16,64.6,7,5,35,61.4,64.9
17,39.3,1,1,1,53.7,62.9
17,39.3,1,2,2,52.5,49.8
17,39.3,1,3,3,43.6,64.1
17,39.3,1,4,4,46.8,57.3
17,39.3,1,5,5,55.3,39.9
17,39.3,2,1,6,47.6,46.7
17,39.3,2,2,7,58.4,38.2
17,39.3,2,3,8,57,46.6
17,39.3,2,4,9,31.9,61
17,39.3,2,5,10,47.5,61
17,39.3,3,1,11,61,65.9
17,39.3,3,2,12,54.5,66.7
17,39.3,3,3,13,62.5,59.5
17,39.3,3,4,14,39.4,71
17,39.3,3,5,15,53.7,57.8
17,39.3,4,1,16,67.9,47
17,39.3,4,2,17,54.9,47.2
17,39.3,4,3,18,56.8,45.3
17,39.3,4,4,19,37.5,59.8
17,39.3,4,5,20,41.9,60.5
17,39.3,5,1,21,62.4,50.1
17,39.3,5,2,22,40,67.8
17,39.3,5,3,23,26.2,78.3
17,39.3,5,4,24,50.4,58.5
17,39.3,5,5,25,56.6,50.5
17,39.3,6,1,26,40.6,65.5
17,39.3,6,2,27,62.7,38.8
17,39.3,6,3,28,62.7,41.7
17,39.3,6,4,29,52.9,59.3
17,39.3,6,5,30,41.5,56.8
17,39.3,7,1,31,59.6,57.3
17,39.3,7,2,32,26.2,81.5
17,39.3,7,3,33,58.3,50.2
17,39.3,7,4,34,58.8,39.9
17,39.3,7,5,35,46.2,52.5
18,59.4,1,1,1,48.4,54.6
18,59.4,1,2,2,42.6,70.9
18,59.4,1,3,3,41.9,73.5
18,59.4,1,4,4,34,62
18,59.4,1,5,5,20.5,66.4
18,59.4,2,1,6,29.7,76.2
18,59.4,2,2,7,48.5,70.6
18,59.4,2,3,8,68.9,72.1
18,59.4,2,4,9,43.6,71
18,59.4,2,5,10,35.6,86.5
18,59.4,3,1,11,10.1,61.9
18,59.4,3,2,12,46.1,69.1
18,59.4,3,3,13,37.9,67
18,59.4,3,4,14,37.4,76.8
18,59.4,3,5,15,54.3,60.6
18,59.4,4,1,16,45.7,71.9
18,59.4,4,2,17,37.9,81.2
18,59.4,4,3,18,26.4,61.1
18,59.4,4,4,19,58,61.3
18,59.4,4,5,20,48.8,65
18,59.4,5,1,21,53.4,68.6
18,59.4,5,2,22,39.5,56.8
18,59.4,5,3,23,22.5,56.1
18,59.4,5,4,24,28.6,66.3
18,59.4,5,5,25,40.6,63.7
18,59.4,6,1,26,52.8,55
18,59.4,6,2,27,57,73.1
18,59.4,6,3,28,36.1,72.6
18,59.4,6,4,29,22,69.3
18,59.4,6,5,30,34.7,67.9
18,59.4,7,1,31,23.1,89
18,59.4,7,2,32,28.1,69.2
18,59.4,7,3,33,27.6,65.1
18,59.4,7,4,34,43.9,82.2
18,59.4,7,5,35,10,83.4
19,48,1,1,1,30.9,66.2
19,48,1,2,2,21.1,55.1
19,48,1,3,3,42.4,47.8
19,48,1,4,4,40.7,52.2
19,48,1,5,5,35.2,62.3
19,48,2,1,6,53.3,65
19,48,2,2,7,60.2,53.9
19,48,2,3,8,36.7,53.8
19,48,2,4,9,56.5,41
19,48,2,5,10,14.1,71.1
19,48,3,1,11,44.4,46.2
19,48,3,2,12,32.6,47.9
19,48,3,3,13,50.8,43
19,48,3,4,14,49.4,51
19,48,3,5,15,45.6,54
19,48,4,1,16,23,67.2
19,48,4,2,17,19.2,65.2
19,48,4,3,18,34.6,62
19,48,4,4,19,20.4,64.5
19,48,4,5,20,42.9,44.5
19,48,5,1,21,35.4,62.8
19,48,5,2,22,49.9,57.2
19,48,5,3,23,29.9,68.9
19,48,5,4,24,12.8,65.1
19,48,5,5,25,55.7,45.6
19,48,6,1,26,37.6,57.3
19,48,6,2,27,34.3,62.3
19,48,6,3,28,37,60.3
19,48,6,4,29,49.9,47.3
19,48,6,5,30,55.9,29.1
19,48,7,1,31,33.3,48.9
19,48,7,2,32,42.2,54.3
19,48,7,3,33,40.9,56.9
19,48,7,4,34,44.8,70.2
19,48,7,5,35,42.5,70
20,26.2,1,1,1,35.3,70.1
20,26.2,1,2,2,32.9,89.1
20,26.2,1,3,3,50.3,67.2
20,26.2,1,4,4,24.7,71.3
20,26.2,1,5,5,42.7,66
20,26.2,2,1,6,50,60.7
20,26.2,2,2,7,33.9,54.5
20,26.2,2,3,8,28.7,70.3
20,26.2,2,4,9,42.3,55.5
20,26.2,2,5,10,34.1,74.8
20,26.2,3,1,11,29.3,67.3
20,26.2,3,2,12,40.1,53.3
20,26.2,3,3,13,28.7,66.1
20,26.2,3,4,14,37.3,52.9
20,26.2,3,5,15,68,44.5
20,26.2,4,1,16,24,79.9
20,26.2,4,2,17,41.2,57.1
20,26.2,4,3,18,37,76.5
20,26.2,4,4,19,33.2,79.4
20,26.2,4,5,20,33.7,71.4
20,26.2,5,1,21,39.5,61.8
20,26.2,5,2,22,39.9,57.7
20,26.2,5,3,23,31.9,85.6
20,26.2,5,4,24,34.7,86.7
20,26.2,5,5,25,56.2,64.8
20,26.2,6,1,26,47.4,76.7
20,26.2,6,2,27,62.4,69.6
20,26.2,6,3,28,25.1,76.3
20,26.2,6,4,29,26.8,75.6
20,26.2,6,5,30,43.4,70.5
20,26.2,7,1,31,29.7,73
20,26.2,7,2,32,37,69.7
20,26.2,7,3,33,45.7,65.8
20,26.2,7,4,34,25.3,65
20,26.2,7,5,35,38.2,68.2
21,51,1,1,1,42,52.3
21,51,1,2,2,43,54.1
21,51,1,3,3,21.6,64.5
21,51,1,4,4,37.3,36.7
21,51,1,5,5,44.9,32.4
21,51,2,1,6,34.8,32.3
21,51,2,2,7,54.7,38.8
21,51,2,3,8,30.4,50.5
21,51,2,4,9,50.9,38.6
21,51,2,5,10,38.4,43.1
21,51,3,1,11,58.7,48.1
21,51,3,2,12,43.2,52.4
21,51,3,3,13,35,46.5
21,51,3,4,14,34,55.2
21,51,3,5,15,49.8,60.7
21,51,4,1,16,46.5,48.6
21,51,4,2,17,33,45.3
21,51,4,3,18,46.7,24.7
21,51,4,4,19,51.5,24.1
21,51,4,5,20,18.6,48.5
21,51,5,1,21,37.9,57.4
21,51,5,2,22,50.8,58.3
21,51,5,3,23,39.9,36.9
21,51,5,4,24,43.6,34.5
21,51,5,5,25,48.9,48.7
21,51,6,1,26,48.4,47.9
21,51,6,2,27,32.8,36.5
21,51,6,3,28,25.6,47.3
21,51,6,4,29,31.9,50.3
21,51,6,5,30,26.3,56.6
21,51,7,1,31,15.5,53.7
21,51,7,2,32,37.9,60.5
21,51,7,3,33,53.4,34.2
21,51,7,4,34,28.5,42.1
21,51,7,5,35,50.6,24.6
22,43.3,1,1,1,18,63
22,43.3,1,2,2,11.2,57.5
22,43.3,1,3,3,22.6,63.1
22,43.3,1,4,4,11.4,73.7
22,43.3,1,5,5,33.7,49
22,43.3,2,1,6,11.5,64.7
22,43.3,2,2,7,14.7,60.5
22,43.3,2,3,8,14.4,58.7
22,43.3,2,4,9,27.5,57.8
22,43.3,2,5,10,25.3,62
22,43.3,3,1,11,5.5,64.1
22,43.3,3,2,12,23,67.7
22,43.3,3,3,13,20.6,65.6
22,43.3,3,4,14,30.1,54.8
22,43.3,3,5,15,51.7,50.5
22,43.3,4,1,16,31.9,53.1
22,43.3,4,2,17,8.1,79.9
22,43.3,4,3,18,0,82.6
22,43.3,4,4,19,28.4,59.5
22,43.3,4,5,20,33.1,51.5
22,43.3,5,1,21,34.8,53.1
22,43.3,5,2,22,29.2,62.7
22,43.3,5,3,23,39.1,60.5
22,43.3,5,4,24,24.6,58.9
22,43.3,5,5,25,17.7,50.7
22,43.3,6,1,26,38.4,53.4
22,43.3,6,2,27,31.7,56.2
22,43.3,6,3,28,21.4,50.7
22,43.3,6,4,29,21.5,44.6
22,43.3,6,5,30,21.4,59.9
22,43.3,7,1,31,6.8,52.4
22,43.3,7,2,32,35.5,48.6
22,43.3,7,3,33,41,57.1
22,43.3,7,4,34,16.5,56.2
22,43.3,7,5,35,34.7,54.8
23,72,1,1,1,38.8,73.1
23,72,1,2,2,39.3,75.8
23,72,1,3,3,32.3,74.2
23,72,1,4,4,38,66.3
23,72,1,5,5,35.9,66.9
23,72,2,1,6,48.4,65.4
23,72,2,2,7,43.3,58
23,72,2,3,8,74.9,56.5
23,72,2,4,9,50.7,82.2
23,72,2,5,10,48,74.6
23,72,3,1,11,60.2,62.4
23,72,3,2,12,59.7,48.8
23,72,3,3,13,55.7,48
23,72,3,4,14,53.2,65.5
23,72,3,5,15,57.3,64.4
23,72,4,1,16,23.8,75.9
23,72,4,2,17,9.9,79.6
23,72,4,3,18,36.1,66.5
23,72,4,4,19,7.4,83.1
23,72,4,5,20,49.1,69.9
23,72,5,1,21,32.7,62.5
23,72,5,2,22,55.4,55.8
23,72,5,3,23,51.6,75.1
23,72,5,4,24,49.4,71.4
23,72,5,5,25,63.4,64.5
23,72,6,1,26,32.7,75.4
23,72,6,2,27,21,79.8
23,72,6,3,28,48.5,67.6
23,72,6,4,29,33.9,65.2
23,72,6,5,30,45.2,67.7
23,72,7,1,31,44.3,70.6
23,72,7,2,32,38.9,66.3
23,72,7,3,33,46.3,66.7
23,72,7,4,34,56.4,57.9
23,72,7,5,35,58.6,60.1
24,37.4,1,1,1,86,23.6
24,37.4,1,2,2,72.9,43.5
24,37.4,1,3,3,78.7,58.9
24,37.4,1,4,4,74.3,51.7
24,37.4,1,5,5,96.3,36.6
24,37.4,2,1,6,71.7,55.5
24,37.4,2,2,7,95.3,49
24,37.4,2,3,8,68.3,54.7
24,37.4,2,4,9,69.1,49.5
24,37.4,2,5,10,84.1,45.1
24,37.4,3,1,11,78.8,52.1
24,37.4,3,2,12,79.8,39.8
24,37.4,3,3,13,68.9,53.8
24,37.4,3,4,14,65.9,48.4
24,37.4,3,5,15,82.9,42.8
24,37.4,4,1,16,62.3,52.9
24,37.4,4,2,17,88.1,39.7
24,37.4,4,3,18,74.8,37.6
24,37.4,4,4,19,65.6,55.9
24,37.4,4,5,20,81.6,50.5
24,37.4,5,1,21,86.4,44.5
24,37.4,5,2,22,68.6,49.5
24,37.4,5,3,23,61.3,48.8
24,37.4,5,4,24,83.5,42.9
24,37.4,5,5,25,66.4,49.8
24,37.4,6,1,26,72.7,55.2
24,37.4,6,2,27,73.8,49.3
24,37.4,6,3,28,100,38.2
24,37.4,6,4,29,88.6,49
24,37.4,6,5,30,81.8,50.2
24,37.4,7,1,31,91.9,48.9
24,37.4,7,2,32,52,73.7
24,37.4,7,3,33,97.1,47.4
24,37.4,7,4,34,92.5,48
24,37.4,7,5,35,74,42.8
25,34.6,1,1,1,84.4,24
25,34.6,1,2,2,49.4,43.1
25,34.6,1,3,3,58.8,36.6
25,34.6,1,4,4,51,45.6
25,34.6,1,5,5,53.3,54.4
25,34.6,2,1,6,80.6,45.7
25,34.6,2,2,7,76.1,44.2
25,34.6,2,3,8,46.8,57.3
25,34.6,2,4,9,65.4,40
25,34.6,2,5,10,84.1,35.6
25,34.6,3,1,11,65.3,49.9
25,34.6,3,2,12,67.1,44.5
25,34.6,3,3,13,67.7,31
25,34.6,3,4,14,36.8,47
25,34.6,3,5,15,67.5,39.7
25,34.6,4,1,16,73.9,27.3
25,34.6,4,2,17,54.8,40.7
25,34.6,4,3,18,41.9,44.2
25,34.6,4,4,19,60.9,41.9
25,34.6,4,5,20,76,24.5
25,34.6,5,1,21,83.2,29.3
25,34.6,5,2,22,77,37
25,34.6,5,3,23,61.7,29.8
25,34.6,5,4,24,86.5,31.6
25,34.6,5,5,25,75.4,37
25,34.6,6,1,26,81.8,43.9
25,34.6,6,2,27,86.2,47.7
25,34.6,6,3,28,64.4,43.9
25,34.6,6,4,29,67.5,40.1
25,34.6,6,5,30,78.5,34.6
25,34.6,7,1,31,97.6,28
25,34.6,7,2,32,57.2,52.1
25,34.6,7,3,33,70.5,37.2
25,34.6,7,4,34,50.7,43.8
25,34.6,7,5,35,76,40.4
26,77.3,1,1,1,63.4,61.8
26,77.3,1,2,2,54.9,61.7
26,77.3,1,3,3,47.7,54.5
26,77.3,1,4,4,55.3,56.4
26,77.3,1,5,5,67.9,66.5
26,77.3,2,1,6,62,62.8
26,77.3,2,2,7,64.3,77.1
26,77.3,2,3,8,55.1,70.5
26,77.3,2,4,9,62.4,63
26,77.3,2,5,10,73.9,71.7
26,77.3,3,1,11,65.9,74.3
26,77.3,3,2,12,90.2,60.6
26,77.3,3,3,13,53.8,72.5
26,77.3,3,4,14,78,63
26,77.3,3,5,15,56.5,65.5
26,77.3,4,1,16,67.2,56.3
26,77.3,4,2,17,37.6,60.3
26,77.3,4,3,18,57,65.6
26,77.3,4,4,19,50.6,59.3
26,77.3,4,5,20,63.1,56.3
26,77.3,5,1,21,74.1,74.4
26,77.3,5,2,22,82.9,68.8
26,77.3,5,3,23,59.9,69.7
26,77.3,5,4,24,44.1,70.1
26,77.3,5,5,25,67.3,68.6
26,77.3,6,1,26,53.1,70
26,77.3,6,2,27,74.6,79
26,77.3,6,3,28,89.7,74
26,77.3,6,4,29,60.9,66.7
26,77.3,6,5,30,68.5,61.9
26,77.3,7,1,31,62.7,57.3
26,77.3,7,2,32,62.9,63.4
26,77.3,7,3,33,59.1,65.5
26,77.3,7,4,34,71.6,73.8
26,77.3,7,5,35,74.1,70.6
27,30.3,1,1,1,66.6,39.4
27,30.3,1,2,2,55.5,46.3
27,30.3,1,3,3,68.5,49.3
27,30.3,1,4,4,47.9,48
27,30.3,1,5,5,69.8,26.9
27,30.3,2,1,6,62.2,28.3
27,30.3,2,2,7,41.2,36.8
27,30.3,2,3,8,65,43.4
27,30.3,2,4,9,53.5,52.1
27,30.3,2,5,10,49,43.3
27,30.3,3,1,11,32.2,52.3
27,30.3,3,2,12,69.3,40.8
27,30.3,3,3,13,44.1,51.7
27,30.3,3,4,14,57.1,34.2
27,30.3,3,5,15,67.2,18.9
27,30.3,4,1,16,70.2,24.3
27,30.3,4,2,17,34.7,54.5
27,30.3,4,3,18,50.1,41.3
27,30.3,4,4,19,78,27.5
27,30.3,4,5,20,48.1,60.3
27,30.3,5,1,21,45.3,46.6
27,30.3,5,2,22,80.7,31.8
27,30.3,5,3,23,65.9,35.9
27,30.3,5,4,24,63.9,24.5
27,30.3,5,5,25,53.9,38.6
27,30.3,6,1,26,46.7,42.5
27,30.3,6,2,27,70.3,41.7
27,30.3,6,3,28,68.6,37.8
27,30.3,6,4,29,57.8,43
27,30.3,6,5,30,64.3,42.5
27,30.3,7,1,31,65,45.2
27,30.3,7,2,32,33.8,61.9
27,30.3,7,3,33,55.9,38.8
27,30.3,7,4,34,74.7,36.2
27,30.3,7,5,35,50.2,40.2
28,57.7,1,1,1,61.7,61.2
28,57.7,1,2,2,32,58.2
28,57.7,1,3,3,63.7,49.5
28,57.7,1,4,4,78.4,42.5
28,57.7,1,5,5,46,63.9
28,57.7,2,1,6,51.6,57.1
28,57.7,2,2,7,62.5,57.8
28,57.7,2,3,8,54.4,60.4
28,57.7,2,4,9,53.2,63.5
28,57.7,2,5,10,30.8,69
28,57.7,3,1,11,50.5,69.7
28,57.7,3,2,12,50.4,55.3
28,57.7,3,3,13,37.7,55.9
28,57.7,3,4,14,51.2,73.3
28,57.7,3,5,15,43,72.8
28,57.7,4,1,16,57,72.5
28,57.7,4,2,17,49.5,71.9
28,57.7,4,3,18,53,49.4
28,57.7,4,4,19,49.4,44.9
28,57.7,4,5,20,65.8,46.7
28,57.7,5,1,21,42.5,55.1
28,57.7,5,2,22,42.2,54.8
28,57.7,5,3,23,56.8,63.9
28,57.7,5,4,24,50.6,63.1
28,57.7,5,5,25,43.6,64.8
28,57.7,6,1,26,45,59
28,57.7,6,2,27,55.7,60.6
28,57.7,6,3,28,61.6,60.8
28,57.7,6,4,29,35.5,67.7
28,57.7,6,5,30,58.7,57.3
28,57.7,7,1,31,56.5,65.6
28,57.7,7,2,32,26.8,70.1
28,57.7,7,3,33,41.9,65.6
28,57.7,7,4,34,51.7,50.3
28,57.7,7,5,35,51.2,55
29,70.1,1,1,1,55.5,38.8
29,70.1,1,2,2,76.7,26.8
29,70.1,1,3,3,93.5,13.5
29,70.1,1,4,4,54,30.2
29,70.1,1,5,5,97.8,4.7
29,70.1,2,1,6,52.7,14.6
29,70.1,2,2,7,84.4,17.2
29,70.1,2,3,8,87.2,34.6
29,70.1,2,4,9,100,26.3
29,70.1,2,5,10,75.7,45
29,70.1,3,1,11,63.4,37.1
29,70.1,3,2,12,86.6,15.4
29,70.1,3,3,13,83.4,15.5
29,70.1,3,4,14,57.3,21.9
29,70.1,3,5,15,67.6,23.3
29,70.1,4,1,16,86.1,18.4
29,70.1,4,2,17,72.2,30.5
29,70.1,4,3,18,79.6,21.8
29,70.1,4,4,19,64,14.5
29,70.1,4,5,20,62.5,25.1
29,70.1,5,1,21,69.3,26.4
29,70.1,5,2,22,42.9,22.9
29,70.1,5,3,23,76.8,14.9
29,70.1,5,4,24,77.2,12.1
29,70.1,5,5,25,82.1,30.3
29,70.1,6,1,26,79.9,36.1
29,70.1,6,2,27,79.7,24.8
29,70.1,6,3,28,87.2,21.8
29,70.1,6,4,29,68.5,25.5
29,70.1,6,5,30,50.7,30.2
29,70.1,7,1,31,75.2,40.2
29,70.1,7,2,32,65.4,39
29,70.1,7,3,33,71.2,23.7
29,70.1,7,4,34,86.5,12
29,70.1,7,5,35,71.2,21.9
30,64.7,1,1,1,52.8,65.9
30,64.7,1,2,2,79.2,75.9
30,64.7,1,3,3,44.7,76.6
30,64.7,1,4,4,50.3,71.7
30,64.7,1,5,5,49,69
30,64.7,2,1,6,60.5,77.4
30,64.7,2,2,7,54.5,81.2
30,64.7,2,3,8,54.1,79.5
30,64.7,2,4,9,52.2,81
30,64.7,2,5,10,65.9,67.2
30,64.7,3,1,11,37,62.3
30,64.7,3,2,12,38.3,86.6
30,64.7,3,3,13,54,71.4
30,64.7,3,4,14,38.6,80.1
30,64.7,3,5,15,71.8,78.6
30,64.7,4,1,16,61.4,75.5
30,64.7,4,2,17,61.7,75.1
30,64.7,4,3,18,36.4,80.2
30,64.7,4,4,19,76,75.8
30,64.7,4,5,20,42,81.5
30,64.7,5,1,21,63.3,76.8
30,64.7,5,2,22,49.9,80.2
30,64.7,5,3,23,47.2,79.1
30,64.7,5,4,24,52,80.1
30,64.7,5,5,25,60.2,72
30,64.7,6,1,26,32.6,79.5
30,64.7,6,2,27,39.2,69
30,64.7,6,3,28,63.2,67.3
30,64.7,6,4,29,56.1,90.3
30,64.7,6,5,30,43.9,86.5
30,64.7,7,1,31,66.6,79.4
30,64.7,7,2,32,51.8,81
30,64.7,7,3,33,69.9,61
30,64.7,7,4,34,48.7,80
30,64.7,7,5,35,54.6,74.3
31,39.4,1,1,1,67.1,55.8
31,39.4,1,2,2,72.5,51.6
31,39.4,1,3,3,91,64.3
31,39.4,1,4,4,67.9,55.9
31,39.4,1,5,5,83.1,41.8
31,39.4,2,1,6,89.6,51.6
31,39.4,2,2,7,42.9,50.8
31,39.4,2,3,8,49.2,49.5
31,39.4,2,4,9,53.9,45.4
31,39.4,2,5,10,62.3,39.2
31,39.4,3,1,11,69.8,53.4
31,39.4,3,2,12,55.1,65.4
31,39.4,3,3,13,62.8,54.8
31,39.4,3,4,14,70.6,47.7
31,39.4,3,5,15,73.8,44.4
31,39.4,4,1,16,61.7,44.3
31,39.4,4,2,17,74.2,48.8
31,39.4,4,3,18,56.8,51.6
31,39.4,4,4,19,75.4,50.2
31,39.4,4,5,20,75.9,54
31,39.4,5,1,21,87.4,51.8
31,39.4,5,2,22,66.6,55.8
31,39.4,5,3,23,70.5,55.6
31,39.4,5,4,24,55.9,47.7
31,39.4,5,5,25,51.5,46
31,39.4,6,1,26,53,38.3
31,39.4,6,2,27,58.7,52.7
31,39.4,6,3,28,70.4,54.8
31,39.4,6,4,29,76.6,58.8
31,39.4,6,5,30,70.6,44.9
31,39.4,7,1,31,63.4,43.9
31,39.4,7,2,32,53.2,48.5
31,39.4,7,3,33,75.9,43.7
31,39.4,7,4,34,48.7,56.7
31,39.4,7,5,35,93,32.1
32,48,1,1,1,50,56.7
32,48,1,2,2,25.7,67.9
32,48,1,3,3,45.8,68.4
32,48,1,4,4,44.9,70.1
32,48,1,5,5,59.5,58.3
32,48,2,1,6,42.1,65.2
32,48,2,2,7,39.1,66.3
32,48,2,3,8,67.5,80.4
32,48,2,4,9,69.9,75.8
32,48,2,5,10,32.3,76.9
32,48,3,1,11,52.2,63.8
32,48,3,2,12,72.2,56.9
32,48,3,3,13,57.7,50.9
32,48,3,4,14,65.1,58.8
32,48,3,5,15,26.2,67.3
32,48,4,1,16,50.3,62.5
32,48,4,2,17,63.4,62
32,48,4,3,18,53.9,56.9
32,48,4,4,19,57.6,72.9
32,48,4,5,20,24.1,73.1
32,48,5,1,21,33.7,63.4
32,48,5,2,22,39.2,82.5
32,48,5,3,23,48.7,75.5
32,48,5,4,24,60,62
32,48,5,5,25,56.4,65.2
32,48,6,1,26,38.2,63.9
32,48,6,2,27,49.1,53.2
32,48,6,3,28,43.4,52.9
32,48,6,4,29,57.9,44
32,48,6,5,30,50.4,52
32,48,7,1,31,46.5,71.6
32,48,7,2,32,56.1,56.5
32,48,7,3,33,46.6,63.8
32,48,7,4,34,55.3,66.1
32,48,7,5,35,47.9,69.5
33,55.1,1,1,1,35.5,84
33,55.1,1,2,2,46.7,58.4
33,55.1,1,3,3,46.5,55.5
33,55.1,1,4,4,58.6,58.4
33,55.1,1,5,5,36.3,61.3
33,55.1,2,1,6,45.3,57.8
33,55.1,2,2,7,36.1,59
33,55.1,2,3,8,28.5,56.7
33,55.1,2,4,9,37.3,60
33,55.1,2,5,10,23.4,64.2
33,55.1,3,1,11,23.2,75.1
33,55.1,3,2,12,46.3,58.9
33,55.1,3,3,13,27.9,79.4
33,55.1,3,4,14,37.5,71.9
33,55.1,3,5,15,56.5,70.2
33,55.1,4,1,16,48.7,65.3
33,55.1,4,2,17,33,81.4
33,55.1,4,3,18,27.4,62.3
33,55.1,4,4,19,46.7,48.3
33,55.1,4,5,20,41.8,48.1
33,55.1,5,1,21,41.4,57.3
33,55.1,5,2,22,31.1,71.9
33,55.1,5,3,23,74,48.8
33,55.1,5,4,24,33.1,58.6
33,55.1,5,5,25,54.5,52.1
33,55.1,6,1,26,48.3,55.8
33,55.1,6,2,27,41.6,52.9
33,55.1,6,3,28,45.8,59.4
33,55.1,6,4,29,49.1,58.9
33,55.1,6,5,30,48.9,63.8
33,55.1,7,1,31,40.9,65.2
33,55.1,7,2,32,39.9,62.9
33,55.1,7,3,33,42.9,72.3
33,55.1,7,4,34,40.6,76.3
33,55.1,7,5,35,32.8,81.2
34,33,1,1,1,67.2,45.4
34,33,1,2,2,70.1,40.7
34,33,1,3,3,76.2,39.4
34,33,1,4,4,63.4,51.6
34,33,1,5,5,70.7,51.4
34,33,2,1,6,60.9,57.2
34,33,2,2,7,85.5,34.1
34,33,2,3,8,72.3,38.9
34,33,2,4,9,71.9,45
34,33,2,5,10,65.6,46.3
34,33,3,1,11,74.1,39.7
34,33,3,2,12,68.9,43.2
34,33,3,3,13,63.2,59.5
34,33,3,4,14,80.3,64.8
34,33,3,5,15,82.1,47.4
34,33,4,1,16,92.4,34.6
34,33,4,2,17,58.8,52.1
34,33,4,3,18,71.8,46.5
34,33,4,4,19,73.5,40.3
34,33,4,5,20,62.8,50.4
34,33,5,1,21,89,33.9
34,33,5,2,22,79.6,39.8
34,33,5,3,23,72.9,39.6
34,33,5,4,24,70,46.9
34,33,5,5,25,86.7,32.6
34,33,6,1,26,77.9,41.3
34,33,6,2,27,88.5,41.7
34,33,6,3,28,71.5,49.2
34,33,6,4,29,53.2,53.2
34,33,6,5,30,89.1,28.7
34,33,7,1,31,85.7,37.2
34,33,7,2,32,74.5,41.8
34,33,7,3,33,57.5,54.9
34,33,7,4,34,73.4,58.4
34,33,7,5,35,76.4,57.4
35,16.3,1,1,1,21.1,61.3
35,16.3,1,2,2,38.1,50.6
35,16.3,1,3,3,46.1,48
35,16.3,1,4,4,27.2,60.2
35,16.3,1,5,5,24.9,72.9
35,16.3,2,1,6,46.4,48.8
35,16.3,2,2,7,31.5,69.9
35,16.3,2,3,8,11.4,72
35,16.3,2,4,9,43.4,52.8
35,16.3,2,5,10,30.9,66.2
35,16.3,3,1,11,15.4,81.9
35,16.3,3,2,12,45.9,65.5
35,16.3,3,3,13,19.3,68
35,16.3,3,4,14,28.1,70.9
35,16.3,3,5,15,33.2,59.1
35,16.3,4,1,16,45.1,40.2
35,16.3,4,2,17,46.6,31.8
35,16.3,4,3,18,9.9,71.8
35,16.3,4,4,19,14.2,63.7
35,16.3,4,5,20,13.3,71.3
35,16.3,5,1,21,36.2,65.5
35,16.3,5,2,22,17,67.2
35,16.3,5,3,23,25.4,64.4
35,16.3,5,4,24,37.2,49.7
35,16.3,5,5,25,37.2,59.9
35,16.3,6,1,26,23.9,68.7
35,16.3,6,2,27,18.4,74.5
35,16.3,6,3,28,43,55.9
35,16.3,6,4,29,14,85.6
35,16.3,6,5,30,45.9,51.5
35,16.3,7,1,31,19.1,72.8
35,16.3,7,2,32,32.7,56.4
35,16.3,7,3,33,22,55.4
35,16.3,7,4,34,48.2,46.3
35,16.3,7,5,35,29.4,66.7
36,67.8,1,1,1,62.2,63.4
36,67.8,1,2,2,84.3,71.9
36,67.8,1,3,3,49.6,63.2
36,67.8,1,4,4,57.8,58
36,67.8,1,5,5,58.4,56.4
36,67.8,2,1,6,48.5,66.4
36,67.8,2,2,7,67.3,58.6
36,67.8,2,3,8,52,55.2
36,67.8,2,4,9,77.4,62.1
36,67.8,2,5,10,32.5,69.2
36,67.8,3,1,11,48.9,69.9
36,67.8,3,2,12,69.3,61.3
36,67.8,3,3,13,62.4,64.2
36,67.8,3,4,14,42.1,62.2
36,67.8,3,5,15,34.5,79.1
36,67.8,4,1,16,59.6,76.4
36,67.8,4,2,17,58.3,71.4
36,67.8,4,3,18,58.1,51.6
36,67.8,4,4,19,72,51
36,67.8,4,5,20,40.8,53.3
36,67.8,5,1,21,68.8,69.1
36,67.8,5,2,22,71.3,58.1
36,67.8,5,3,23,42.6,68.7
36,67.8,5,4,24,58.5,65.2
36,67.8,5,5,25,64.1,74.3
36,67.8,6,1,26,72,71.5
36,67.8,6,2,27,69,76
36,67.8,6,3,28,60,55.3
36,67.8,6,4,29,61.3,61.7
36,67.8,6,5,30,45.2,63.2
36,67.8,7,1,31,75.4,69.3
36,67.8,7,2,32,59.6,57.3
36,67.8,7,3,33,47,72.6
36,67.8,7,4,34,47.7,66.4
36,67.8,7,5,35,53.6,63.5
37,28.3,1,1,1,31.8,40.7
37,28.3,1,2,2,46.6,36.1
37,28.3,1,3,3,0,52.6
37,28.3,1,4,4,1.5,58.5
37,28.3,1,5,5,16.7,53
37,28.3,2,1,6,40.5,34.4
37,28.3,2,2,7,30,44.9
37,28.3,2,3,8,21.5,36.8
37,28.3,2,4,9,21.3,53.7
37,28.3,2,5,10,39.6,34.7
37,28.3,3,1,11,27.9,37.8
37,28.3,3,2,12,44.3,19.2
37,28.3,3,3,13,50.3,32.3
37,28.3,3,4,14,29.4,45.4
37,28.3,3,5,15,31.7,41.3
37,28.3,4,1,16,39.9,43.5
37,28.3,4,2,17,32.9,43.5
37,28.3,4,3,18,16.9,52.6
37,28.3,4,4,19,23.9,38.1
37,28.3,4,5,20,25.6,47.1
37,28.3,5,1,21,1.4,58.2
37,28.3,5,2,22,32.5,45.8
37,28.3,5,3,23,42.5,34
37,28.3,5,4,24,17.2,48.2
37,28.3,5,5,25,32,38.8
37,28.3,6,1,26,22.5,50.4
37,28.3,6,2,27,32.9,47.5
37,28.3,6,3,28,24.5,50.3
37,28.3,6,4,29,30.1,52.7
37,28.3,6,5,30,36.9,39.8
37,28.3,7,1,31,19.5,57
37,28.3,7,2,32,35,38.3
37,28.3,7,3,33,38.9,49.2
37,28.3,7,4,34,31.8,45.5
37,28.3,7,5,35,42.1,41.1
38,40,1,1,1,21,70.8
38,40,1,2,2,33.1,61.6
38,40,1,3,3,32.7,67.1
38,40,1,4,4,60.7,51.4
38,40,1,5,5,20.9,68.9
38,40,2,1,6,14.5,63.1
38,40,2,2,7,24.9,68.5
38,40,2,3,8,29,70.4
38,40,2,4,9,38.5,70.2
38,40,2,5,10,25.9,75.6
38,40,3,1,11,43.4,54.9
38,40,3,2,12,42.8,61.6
38,40,3,3,13,27.4,70.1
38,40,3,4,14,33,72.1
38,40,3,5,15,34,64.4
38,40,4,1,16,47.9,48
38,40,4,2,17,48,48.3
38,40,4,3,18,19.3,61.8
38,40,4,4,19,30.9,57.4
38,40,4,5,20,29.6,63.2
38,40,5,1,21,26.5,61.8
38,40,5,2,22,19.3,56.9
38,40,5,3,23,40.7,42.6
38,40,5,4,24,35.7,62.3
38,40,5,5,25,19.7,78.5
38,40,6,1,26,25.8,63.8
38,40,6,2,27,21.7,56.3
38,40,6,3,28,44.7,44.2
38,40,6,4,29,28.4,64.1
38,40,6,5,30,25.1,62.5
38,40,7,1,31,31.7,58.3
38,40,7,2,32,10.4,66.8
38,40,7,3,33,22.5,66
38,40,7,4,34,11.8,81.8
38,40,7,5,35,56.6,45.8
39,49.4,1,1,1,33.3,73.7
39,49.4,1,2,2,51.2,63.2
39,49.4,1,3,3,40.4,71.2
39,49.4,1,4,4,45.6,60.4
39,49.4,1,5,5,50.5,53.8
39,49.4,2,1,6,44.5,61.2
39,49.4,2,2,7,58.5,51.1
39,49.4,2,3,8,32.7,75.4
39,49.4,2,4,9,68,39.3
39,49.4,2,5,10,44.9,56.6
39,49.4,3,1,11,46.3,52.6
39,49.4,3,2,12,45.2,44.1
39,49.4,3,3,13,46.8,53.8
39,49.4,3,4,14,48.9,59.3
39,49.4,3,5,15,29.6,71.2
39,49.4,4,1,16,35.8,70.6
39,49.4,4,2,17,12,82.2
39,49.4,4,3,18,39.4,66.9
39,49.4,4,4,19,35.7,67.2
39,49.4,4,5,20,33,66.2
39,49.4,5,1,21,53.4,59.4
39,49.4,5,2,22,45.1,71.7
39,49.4,5,3,23,46.4,72.2
39,49.4,5,4,24,51.6,55.8
39,49.4,5,5,25,41,62.1
39,49.4,6,1,26,53.8,57
39,49.4,6,2,27,42.7,63.4
39,49.4,6,3,28,41.9,47.9
39,49.4,6,4,29,48.9,60.2
39,49.4,6,5,30,43.8,68.1
39,49.4,7,1,31,52.9,64.1
39,49.4,7,2,32,61.7,57.4
39,49.4,7,3,33,41.7,63.3
39,49.4,7,4,34,45.6,65.5
39,49.4,7,5,35,69.2,53.9
40,25.1,1,1,1,57.2,53.4
40,25.1,1,2,2,64.9,70.3
40,25.1,1,3,3,43.7,61.9
40,25.1,1,4,4,47.5,71.2
40,25.1,1,5,5,55.6,67.6
40,25.1,2,1,6,50.3,60.4
40,25.1,2,2,7,35.8,72.3
40,25.1,2,3,8,41.9,62
40,25.1,2,4,9,67.1,55.2
40,25.1,2,5,10,58.7,53.6
40,25.1,3,1,11,62.9,56.1
40,25.1,3,2,12,56.1,64.1
40,25.1,3,3,13,67.7,57.1
40,25.1,3,4,14,48.5,78
40,25.1,3,5,15,50.4,72.4
40,25.1,4,1,16,53.7,63.2
40,25.1,4,2,17,32,74.3
40,25.1,4,3,18,76.7,48
40,25.1,4,4,19,56.8,66
40,25.1,4,5,20,32.2,80.9
40,25.1,5,1,21,53.2,68.5
40,25.1,5,2,22,36.8,71.8
40,25.1,5,3,23,60.5,62.3
40,25.1,5,4,24,54.1,62.9
40,25.1,5,5,25,50.4,65.7
40,25.1,6,1,26,55.3,58.7
40,25.1,6,2,27,43.6,72.9
40,25.1,6,3,28,38.2,65.9
40,25.1,6,4,29,43.4,59.4
40,25.1,6,5,30,45.7,60.9
40,25.1,7,1,31,39,70.5
40,25.1,7,2,32,46.8,61.9
40,25.1,7,3,33,64.9,60.4
40,25.1,7,4,34,41.6,76.7
40,25.1,7,5,35,58.9,52.5
41,56.8,1,1,1,21.4,70.6
41,56.8,1,2,2,48.5,59.2
41,56.8,1,3,3,46.8,58.1
41,56.8,1,4,4,70.7,51.8
41,56.8,1,5,5,22.9,64.8
41,56.8,2,1,6,43.2,58.6
41,56.8,2,2,7,46.2,53.2
41,56.8,2,3,8,41.8,67.2
41,56.8,2,4,9,18.7,85.5
41,56.8,2,5,10,39.5,61.3
41,56.8,3,1,11,50.4,65.5
41,56.8,3,2,12,42.5,57
41,56.8,3,3,13,47.4,61.6
41,56.8,3,4,14,79.3,44.8
41,56.8,3,5,15,21.6,77
41,56.8,4,1,16,41.1,67.5
41,56.8,4,2,17,49.1,59.6
41,56.8,4,3,18,21.5,76
41,56.8,4,4,19,52.7,58.4
41,56.8,4,5,20,39.4,74.5
41,56.8,5,1,21,33.6,70.1
41,56.8,5,2,22,59.1,44.6
41,56.8,5,3,23,49,57.1
41,56.8,5,4,24,50.3,53.4
41,56.8,5,5,25,34.4,57.5
41,56.8,6,1,26,42.7,61.4
41,56.8,6,2,27,27.2,70.2
41,56.8,6,3,28,25.9,76.8
41,56.8,6,4,29,54.6,61.9
41,56.8,6,5,30,39.5,68.7
41,56.8,7,1,31,45.1,68.3
41,56.8,7,2,32,68.6,63.7
41,56.8,7,3,33,30.6,75.5
41,56.8,7,4,34,42.5,68.5
41,56.8,7,5,35,60.5,51.5
42,57.7,1,1,1,67.6,77.7
42,57.7,1,2,2,53.4,75.1
42,57.7,1,3,3,35.5,80
42,57.7,1,4,4,38.3,73.4
42,57.7,1,5,5,63.2,67.3
42,57.7,2,1,6,64.1,78.9
42,57.7,2,2,7,64.3,83.1
42,57.7,2,3,8,52,75.9
42,57.7,2,4,9,71.3,67.8
42,57.7,2,5,10,63.4,67.1
42,57.7,3,1,11,40.7,75.9
42,57.7,3,2,12,57.6,73.3
42,57.7,3,3,13,78.5,64
42,57.7,3,4,14,29.1,74.7
42,57.7,3,5,15,44.3,67.3
42,57.7,4,1,16,67.8,63
42,57.7,4,2,17,65.2,75.4
42,57.7,4,3,18,36.5,83.1
42,57.7,4,4,19,50.9,86.9
42,57.7,4,5,20,60.1,55.9
42,57.7,5,1,21,50.7,67.5
42,57.7,5,2,22,57.9,68.5
42,57.7,5,3,23,57.6,77.3
42,57.7,5,4,24,83.9,60.2
42,57.7,5,5,25,50.7,87.3
42,57.7,6,1,26,50.4,82.3
42,57.7,6,2,27,43.2,80.9
42,57.7,6,3,28,69.6,64.1
42,57.7,6,4,29,38.8,70.2
42,57.7,6,5,30,47.3,62.9
42,57.7,7,1,31,57.2,81
42,57.7,7,2,32,55,80.4
42,57.7,7,3,33,51.9,83.7
42,57.7,7,4,34,64.5,83.9
42,57.7,7,5,35,38.5,72.4
43,72.2,1,1,1,20.8,78.3
43,72.2,1,2,2,16.6,70.3
43,72.2,1,3,3,35.8,60.3
43,72.2,1,4,4,19.3,53.3
43,72.2,1,5,5,56.6,60.7
43,72.2,2,1,6,13.8,63.1
43,72.2,2,2,7,25.1,63.2
43,72.2,2,3,8,33.4,66
43,72.2,2,4,9,37.6,72.2
43,72.2,2,5,10,19.7,82.7
43,72.2,3,1,11,19.3,78.3
43,72.2,3,2,12,28.7,77.1
43,72.2,3,3,13,25.2,65.2
43,72.2,3,4,14,51.8,60.6
43,72.2,3,5,15,36.2,61
43,72.2,4,1,16,36.1,63
43,72.2,4,2,17,22.8,74.7
43,72.2,4,3,18,29.2,72.8
43,72.2,4,4,19,36.8,69.9
43,72.2,4,5,20,24.4,67.1
43,72.2,5,1,21,39.4,65.5
43,72.2,5,2,22,42.7,76.7
43,72.2,5,3,23,31.3,81.4
43,72.2,5,4,24,13.3,97.1
43,72.2,5,5,25,23.4,89.8
43,72.2,6,1,26,32.3,79.5
43,72.2,6,2,27,38,64.8
43,72.2,6,3,28,24.2,69.9
43,72.2,6,4,29,29.5,61
43,72.2,6,5,30,37.2,70.2
43,72.2,7,1,31,40.5,61.1
43,72.2,7,2,32,39.5,55.8
43,72.2,7,3,33,22.9,69.7
43,72.2,7,4,34,29.4,60
43,72.2,7,5,35,32.1,62.5
44,32.4,1,1,1,66.2,68.7
44,32.4,1,2,2,95.8,54.7
44,32.4,1,3,3,72.2,66.8
44,32.4,1,4,4,73.7,50.9
44,32.4,1,5,5,76.3,70.4
44,32.4,2,1,6,68.2,65.1
44,32.4,2,2,7,99.5,51.5
44,32.4,2,3,8,100,48.4
44,32.4,2,4,9,80.5,47.3
44,32.4,2,5,10,89.9,61
44,32.4,3,1,11,76.5,53.5
44,32.4,3,2,12,84.4,55.5
44,32.4,3,3,13,77.8,51.6
44,32.4,3,4,14,78.3,66.8
44,32.4,3,5,15,89.2,62.2
44,32.4,4,1,16,76.1,53.8
44,32.4,4,2,17,71.9,66.3
44,32.4,4,3,18,77.2,68.6
44,32.4,4,4,19,67.4,69.8
44,32.4,4,5,20,79.8,64.2
44,32.4,5,1,21,58.9,68.8
44,32.4,5,2,22,62.7,49.8
44,32.4,5,3,23,92.8,62.6
44,32.4,5,4,24,78.1,55.9
44,32.4,5,5,25,71.8,64.7
44,32.4,6,1,26,98.7,52.5
44,32.4,6,2,27,85.3,63.9
44,32.4,6,3,28,71.9,62.7
44,32.4,6,4,29,93,62.6
44,32.4,6,5,30,66.8,65.9
44,32.4,7,1,31,85.8,58
44,32.4,7,2,32,70.6,62.9
44,32.4,7,3,33,82.6,61.3
44,32.4,7,4,34,75.1,70.6
44,32.4,7,5,35,65.2,72.9
45,55.4,1,1,1,73.9,51.3
45,55.4,1,2,2,65.7,44.3
45,55.4,1,3,3,58.8,50.9
45,55.4,1,4,4,68.2,55.3
45,55.4,1,5,5,78.8,61.3
45,55.4,2,1,6,69.4,64.8
45,55.4,2,2,7,48.3,64.5
45,55.4,2,3,8,49,62.6
45,55.4,2,4,9,80,40
45,55.4,2,5,10,71.8,58.5
45,55.4,3,1,11,81.2,49.9
45,55.4,3,2,12,53.8,53.9
45,55.4,3,3,13,79,50.8
45,55.4,3,4,14,77.1,55.2
45,55.4,3,5,15,86.4,61.8
45,55.4,4,1,16,60.3,69.3
45,55.4,4,2,17,81.4,56.1
45,55.4,4,3,18,60,58.8
45,55.4,4,4,19,57.7,64.9
45,55.4,4,5,20,53.7,63
45,55.4,5,1,21,55.7,57.8
45,55.4,5,2,22,84.1,43.7
45,55.4,5,3,23,67.4,49.2
45,55.4,5,4,24,39.9,58.1
45,55.4,5,5,25,70.5,55.5
45,55.4,6,1,26,51.3,73.4
45,55.4,6,2,27,76,65.2
45,55.4,6,3,28,81.3,54.1
45,55.4,6,4,29,77.1,58
45,55.4,6,5,30,65.9,52.4
45,55.4,7,1,31,61.6,47.4
45,55.4,7,2,32,64.2,46.1
45,55.4,7,3,33,57.9,57
45,55.4,7,4,34,57.9,76
45,55.4,7,5,35,90.5,59.5
46,48.2,1,1,1,41.7,63.1
46,48.2,1,2,2,24.8,79.9
46,48.2,1,3,3,25.9,84.2
46,48.2,1,4,4,60.7,66.2
46,48.2,1,5,5,21.8,79.8
46,48.2,2,1,6,38.5,74.6
46,48.2,2,2,7,7.1,80.1
46,48.2,2,3,8,32,76
46,48.2,2,4,9,45.7,73.7
46,48.2,2,5,10,35.9,80.2
46,48.2,3,1,11,29.1,75.8
46,48.2,3,2,12,47.3,55.3
46,48.2,3,3,13,27.3,71
46,48.2,3,4,14,48.7,45.5
46,48.2,3,5,15,54.4,46.2
46,48.2,4,1,16,28.9,61.9
46,48.2,4,2,17,28.3,54.4
46,48.2,4,3,18,40.2,67.2
46,48.2,4,4,19,38.2,74.9
46,48.2,4,5,20,23.9,72.8
46,48.2,5,1,21,69.5,50.8
46,48.2,5,2,22,43.4,64.2
46,48.2,5,3,23,34.6,76.2
46,48.2,5,4,24,50,66.6
46,48.2,5,5,25,31.4,75.1
46,48.2,6,1,26,47.4,72.9
46,48.2,6,2,27,51.5,56.4
46,48.2,6,3,28,42.1,59.3
46,48.2,6,4,29,39.2,64.2
46,48.2,6,5,30,58.8,57.1
46,48.2,7,1,31,53.2,71.6
46,48.2,7,2,32,25.7,78.5
46,48.2,7,3,33,30.6,66.9
46,48.2,7,4,34,41.5,61.1
46,48.2,7,5,35,51.4,65.7
47,34.1,1,1,1,52.3,38.1
47,34.1,1,2,2,25.2,46.8
47,34.1,1,3,3,34.3,42.4
47,34.1,1,4,4,26.3,53.2
47,34.1,1,5,5,18.9,59
47,34.1,2,1,6,39.2,55.4
47,34.1,2,2,7,28.5,68.4
47,34.1,2,3,8,16.2,65.7
47,34.1,2,4,9,17.1,62.3
47,34.1,2,5,10,37.3,65.8
47,34.1,3,1,11,33.4,66.6
47,34.1,3,2,12,39.8,50.4
47,34.1,3,3,13,39.5,49.9
47,34.1,3,4,14,20.5,50.9
47,34.1,3,5,15,50,39.4
47,34.1,4,1,16,13.3,58.4
47,34.1,4,2,17,27.6,53.7
47,34.1,4,3,18,19.5,60.4
47,34.1,4,4,19,22.9,69.5
47,34.1,4,5,20,31.7,68.1
47,34.1,5,1,21,37.4,49.1
47,34.1,5,2,22,27.2,58.4
47,34.1,5,3,23,28.2,54.3
47,34.1,5,4,24,41.3,62.1
47,34.1,5,5,25,1.2,68.3
47,34.1,6,1,26,14.9,72.5
47,34.1,6,2,27,20.6,60.7
47,34.1,6,3,28,43.2,62.9
47,34.1,6,4,29,26,60.6
47,34.1,6,5,30,32.9,54.9
47,34.1,7,1,31,39.2,52.5
47,34.1,7,2,32,27.9,48.7
47,34.1,7,3,33,31.5,52.4
47,34.1,7,4,34,32.7,54.9
47,34.1,7,5,35,47.3,41.3
48,73.5,1,1,1,44.2,67.6
48,73.5,1,2,2,28.5,55.4
48,73.5,1,3,3,54.9,67.2
48,73.5,1,4,4,46.4,65.4
48,73.5,1,5,5,38.9,50.7
48,73.5,2,1,6,66.1,64.9
48,73.5,2,2,7,46.7,54.9
48,73.5,2,3,8,53,76.4
48,73.5,2,4,9,50.7,76.4
48,73.5,2,5,10,60.9,72.5
48,73.5,3,1,11,45.8,68.1
48,73.5,3,2,12,26,71
48,73.5,3,3,13,20.3,71.1
48,73.5,3,4,14,49.6,56.3
48,73.5,3,5,15,21.4,73.9
48,73.5,4,1,16,33.3,63.8
48,73.5,4,2,17,27.7,67.3
48,73.5,4,3,18,38.2,70.1
48,73.5,4,4,19,44.5,76.8
48,73.5,4,5,20,31,78.8
48,73.5,5,1,21,46.5,70.6
48,73.5,5,2,22,26.5,76.6
48,73.5,5,3,23,31.8,77.7
48,73.5,5,4,24,26.3,77.3
48,73.5,5,5,25,43.3,67.1
48,73.5,6,1,26,30.4,69.4
48,73.5,6,2,27,30.7,79
48,73.5,6,3,28,28.7,73.5
48,73.5,6,4,29,39,67.8
48,73.5,6,5,30,34.6,76.9
48,73.5,7,1,31,66.5,54.7
48,73.5,7,2,32,34.5,64.6
48,73.5,7,3,33,12.6,68.2
48,73.5,7,4,34,35.1,73
48,73.5,7,5,35,30.3,61.8
49,21.8,1,1,1,49.4,64.7
49,21.8,1,2,2,57.2,55.1
49,21.8,1,3,3,41.6,74.5
49,21.8,1,4,4,53.9,57.3
49,21.8,1,5,5,68.2,41.4
49,21.8,2,1,6,35.8,69.5
49,21.8,2,2,7,62.1,44.1
49,21.8,2,3,8,58.3,44.2
49,21.8,2,4,9,41.6,60
49,21.8,2,5,10,64.3,55.8
49,21.8,3,1,11,75.2,40
49,21.8,3,2,12,62.6,63.5
49,21.8,3,3,13,55.6,50.1
49,21.8,3,4,14,35.9,63.8
49,21.8,3,5,15,45.5,61.9
49,21.8,4,1,16,65.8,40.7
49,21.8,4,2,17,46.7,63.4
49,21.8,4,3,18,64.9,56.3
49,21.8,4,4,19,40.1,74.1
49,21.8,4,5,20,34,69.9
49,21.8,5,1,21,58.5,56
49,21.8,5,2,22,64.1,55.9
49,21.8,5,3,23,69.7,51.5
49,21.8,5,4,24,59.9,59
49,21.8,5,5,25,48.7,67.1
49,21.8,6,1,26,48.7,53
49,21.8,6,2,27,50.9,59.9
49,21.8,6,3,28,29.5,66.3
49,21.8,6,4,29,59.5,62.6
49,21.8,6,5,30,36.6,75.5
49,21.8,7,1,31,86.5,46.5
49,21.8,7,2,32,50.7,61.1
49,21.8,7,3,33,57.5,59
49,21.8,7,4,34,44.9,63.2
49,21.8,7,5,35,42.6,70.8
50,66,1,1,1,34.7,64.8
50,66,1,2,2,42.9,47.1
50,66,1,3,3,34.4,54.5
50,66,1,4,4,33.1,46
50,66,1,5,5,44.7,42.1
50,66,2,1,6,36.2,62.6
50,66,2,2,7,41.5,68
50,66,2,3,8,27.6,59.1
50,66,2,4,9,35.5,75.5
50,66,2,5,10,61.5,54.7
50,66,3,1,11,48,56.9
50,66,3,2,12,42.4,63
50,66,3,3,13,22.2,55.2
50,66,3,4,14,51.1,56.1
50,66,3,5,15,44.4,48.8
50,66,4,1,16,29.7,58.6
50,66,4,2,17,15.1,51.4
50,66,4,3,18,25.8,47.5
50,66,4,4,19,47.2,48.1
50,66,4,5,20,20,50.2
50,66,5,1,21,67.3,50.8
50,66,5,2,22,27.3,59.7
50,66,5,3,23,35.8,61.4
50,66,5,4,24,38.9,64.2
50,66,5,5,25,53.8,54.6
50,66,6,1,26,52.4,34.9
50,66,6,2,27,38.8,49.3
50,66,6,3,28,35.2,55.7
50,66,6,4,29,37,54.3
50,66,6,5,30,33.3,54.5
50,66,7,1,31,43.5,61.2
50,66,7,2,32,38.4,60.1
50,66,7,3,33,42.6,68.9
50,66,7,4,34,54.3,56.1
50,66,7,5,35,31.5,54.1
51,42.5,1,1,1,39.7,51.2
51,42.5,1,2,2,29.3,61.5
51,42.5,1,3,3,31.1,61
51,42.5,1,4,4,63.2,51.4
51,42.5,1,5,5,29.4,67.2
51,42.5,2,1,6,40,61.2
51,42.5,2,2,7,38.4,67.9
51,42.5,2,3,8,61.8,55.9
51,42.5,2,4,9,44.3,65
51,42.5,2,5,10,30.9,71.5
51,42.5,3,1,11,26.9,71.2
51,42.5,3,2,12,61.4,57.7
51,42.5,3,3,13,49.3,58.4
51,42.5,3,4,14,32.5,61.9
51,42.5,3,5,15,62.3,51.8
51,42.5,4,1,16,40.6,60.3
51,42.5,4,2,17,15.8,75.6
51,42.5,4,3,18,18.8,71.7
51,42.5,4,4,19,43.9,61.7
51,42.5,4,5,20,17,70.3
51,42.5,5,1,21,27.5,73.6
51,42.5,5,2,22,61.5,64.5
51,42.5,5,3,23,22.7,61.9
51,42.5,5,4,24,37.1,62.9
51,42.5,5,5,25,62.5,53.3
51,42.5,6,1,26,16.7,71
51,42.5,6,2,27,26.1,51.7
51,42.5,6,3,28,45.8,57.2
51,42.5,6,4,29,34.6,63.3
51,42.5,6,5,30,45.7,61.7
51,42.5,7,1,31,60.2,56.8
51,42.5,7,2,32,51.1,51.6
51,42.5,7,3,33,13.4,73.2
51,42.5,7,4,34,24,73.7
51,42.5,7,5,35,28.9,55.4
52,51.8,1,1,1,37.3,66.2
52,51.8,1,2,2,52.3,72.8
52,51.8,1,3,3,46.9,84
52,51.8,1,4,4,33.6,81.6
52,51.8,1,5,5,43,61.6
52,51.8,2,1,6,44.8,61.5
52,51.8,2,2,7,68.3,58.8
52,51.8,2,3,8,40.2,64
52,51.8,2,4,9,39.1,74.5
52,51.8,2,5,10,56,77.5
52,51.8,3,1,11,19.5,78.9
52,51.8,3,2,12,53.8,63.1
52,51.8,3,3,13,61.3,69.4
52,51.8,3,4,14,47.8,80.4
52,51.8,3,5,15,42.1,67.4
52,51.8,4,1,16,42,75.1
52,51.8,4,2,17,36.1,71.6
52,51.8,4,3,18,54.9,74.8
52,51.8,4,4,19,79.3,66.7
52,51.8,4,5,20,40.4,63.1
52,51.8,5,1,21,41.2,71
52,51.8,5,2,22,31.7,81.2
52,51.8,5,3,23,57.9,76.1
52,51.8,5,4,24,39,66
52,51.8,5,5,25,45.7,62.2
52,51.8,6,1,26,54.2,68.6
52,51.8,6,2,27,49.4,64.8
52,51.8,6,3,28,55.3,73.1
52,51.8,6,4,29,47.3,92.1
52,51.8,6,5,30,52.9,70.3
52,51.8,7,1,31,58.4,69.2
52,51.8,7,2,32,48,75.7
52,51.8,7,3,33,57.1,78.9
52,51.8,7,4,34,47.7,82.4
52,51.8,7,5,35,23.9,75.4
53,54.8,1,1,1,47.4,56
53,54.8,1,2,2,72.5,34
53,54.8,1,3,3,44.4,28.1
53,54.8,1,4,4,67.1,36.7
53,54.8,1,5,5,60.1,53.4
53,54.8,2,1,6,37.7,61.3
53,54.8,2,2,7,45.3,56.4
53,54.8,2,3,8,60.5,54
53,54.8,2,4,9,36.5,53.6
53,54.8,2,5,10,55.6,30.9
53,54.8,3,1,11,61.2,48.5
53,54.8,3,2,12,52.7,41.7
53,54.8,3,3,13,30.7,51.4
53,54.8,3,4,14,48.8,39.5
53,54.8,3,5,15,34.6,50.7
53,54.8,4,1,16,36.8,44.2
53,54.8,4,2,17,86.6,26.9
53,54.8,4,3,18,80.4,28.6
53,54.8,4,4,19,29.4,58
53,54.8,4,5,20,40.9,40.5
53,54.8,5,1,21,38.1,49.7
53,54.8,5,2,22,71,31.5
53,54.8,5,3,23,18.9,51.6
53,54.8,5,4,24,56.3,36.2
53,54.8,5,5,25,53.1,50.4
53,54.8,6,1,26,71.4,42.1
53,54.8,6,2,27,55.1,50.1
53,54.8,6,3,28,75.5,49.7
53,54.8,6,4,29,76,43.3
53,54.8,6,5,30,22.4,57.6
53,54.8,7,1,31,50.7,38.1
53,54.8,7,2,32,54.7,35.4
53,54.8,7,3,33,46.4,54.9
53,54.8,7,4,34,45.1,53.6
53,54.8,7,5,35,38,65
54,34.6,1,1,1,30.7,60
54,34.6,1,2,2,45.8,58.4
54,34.6,1,3,3,42.6,56.9
54,34.6,1,4,4,35.5,60
54,34.6,1,5,5,46.5,51.4
54,34.6,2,1,6,36.3,38.2
54,34.6,2,2,7,52.5,30.6
54,34.6,2,3,8,61.2,31.3
54,34.6,2,4,9,28.5,69.1
54,34.6,2,5,10,48.8,52.3
54,34.6,3,1,11,47.4,59.6
54,34.6,3,2,12,45.9,48.1
54,34.6,3,3,13,68.5,34.7
54,34.6,3,4,14,47.7,49.1
54,34.6,3,5,15,39.1,54.4
54,34.6,4,1,16,36.8,57.6
54,34.6,4,2,17,42.3,48.5
54,34.6,4,3,18,22,54.9
54,34.6,4,4,19,50.5,53.1
54,34.6,4,5,20,54.8,47.9
54,34.6,5,1,21,60.7,69.6
54,34.6,5,2,22,47.7,58.6
54,34.6,5,3,23,49.1,51.5
54,34.6,5,4,24,31.6,62.9
54,34.6,5,5,25,68.5,42.7
54,34.6,6,1,26,33,48.7
54,34.6,6,2,27,49.2,51.3
54,34.6,6,3,28,54.6,38.4
54,34.6,6,4,29,56.6,39.2
54,34.6,6,5,30,41,34.2
54,34.6,7,1,31,42.8,26.2
54,34.6,7,2,32,59.2,38.6
54,34.6,7,3,33,30,67.7
54,34.6,7,4,34,35.9,52.3
54,34.6,7,5,35,47.2,36.8
55,60.4,1,1,1,47.9,62
55,60.4,1,2,2,44.8,61
55,60.4,1,3,3,28.1,73.3
55,60.4,1,4,4,57.6,63.8
55,60.4,1,5,5,33.9,71.7
55,60.4,2,1,6,59.8,53.2
55,60.4,2,2,7,24.8,69.2
55,60.4,2,3,8,53,60
55,60.4,2,4,9,43.6,59.3
55,60.4,2,5,10,29.8,77.7
55,60.4,3,1,11,37.7,70.7
55,60.4,3,2,12,37.1,52.6
55,60.4,3,3,13,46.3,50.1
55,60.4,3,4,14,42.4,54.2
55,60.4,3,5,15,38.3,67.5
55,60.4,4,1,16,37,73.2
55,60.4,4,2,17,37,73.3
55,60.4,4,3,18,35.1,81
55,60.4,4,4,19,53,62.7
55,60.4,4,5,20,38.2,62.8
55,60.4,5,1,21,37.7,71.7
55,60.4,5,2,22,40.1,66
55,60.4,5,3,23,42.7,73.4
55,60.4,5,4,24,55.7,62.5
55,60.4,5,5,25,41.8,74.5
55,60.4,6,1,26,52.9,54.5
55,60.4,6,2,27,25.2,76.5
55,60.4,6,3,28,43.2,65.8
55,60.4,6,4,29,63.1,63.6
55,60.4,6,5,30,26.9,84.2
55,60.4,7,1,31,47,73.4
55,60.4,7,2,32,45.8,68.8
55,60.4,7,3,33,58.1,63.7
55,60.4,7,4,34,54.9,77.3
55,60.4,7,5,35,38.2,71.8
56,42.4,1,1,1,23.4,73.1
56,42.4,1,2,2,24.6,69.9
56,42.4,1,3,3,21.1,78.1
56,42.4,1,4,4,49.1,66.2
56,42.4,1,5,5,40.9,60.1
56,42.4,2,1,6,30.9,75.7
56,42.4,2,2,7,51.3,58.1
56,42.4,2,3,8,45.5,61.6
56,42.4,2,4,9,47.9,74.4
56,42.4,2,5,10,17.3,80.1
56,42.4,3,1,11,19.9,82.1
56,42.4,3,2,12,32.4,82.1
56,42.4,3,3,13,43.9,65.5
56,42.4,3,4,14,16.8,80.2
56,42.4,3,5,15,62.2,53.7
56,42.4,4,1,16,38.9,64.9
56,42.4,4,2,17,54,60.7
56,42.4,4,3,18,39,65.9
56,42.4,4,4,19,61.8,46
56,42.4,4,5,20,32.4,80.1
56,42.4,5,1,21,36,76.8
56,42.4,5,2,22,53.2,74.3
56,42.4,5,3,23,41.4,86.9
56,42.4,5,4,24,38,75.9
56,42.4,5,5,25,52.4,70.7
56,42.4,6,1,26,42.5,83.4
56,42.4,6,2,27,25.2,75
56,42.4,6,3,28,34,82.1
56,42.4,6,4,29,46.3,69.2
56,42.4,6,5,30,37,70.5
56,42.4,7,1,31,30.6,68.7
56,42.4,7,2,32,50.9,60.7
56,42.4,7,3,33,30.5,78.4
56,42.4,7,4,34,35.6,96.7
56,42.4,7,5,35,39.3,77.3
57,35.9,1,1,1,34.3,67.6
57,35.9,1,2,2,28.8,59.8
57,35.9,1,3,3,21.4,80.3
57,35.9,1,4,4,62.9,60.7
57,35.9,1,5,5,44.1,64.2
57,35.9,2,1,6,45.6,74.1
57,35.9,2,2,7,67.3,69
57,35.9,2,3,8,40.8,66.2
57,35.9,2,4,9,37.3,76.8
57,35.9,2,5,10,41.1,58.3
57,35.9,3,1,11,31.1,60.8
57,35.9,3,2,12,48.2,54.2
57,35.9,3,3,13,32.6,73.1
57,35.9,3,4,14,57.2,54.3
57,35.9,3,5,15,65.2,50.8
57,35.9,4,1,16,37.3,59.3
57,35.9,4,2,17,57.4,59.6
57,35.9,4,3,18,38.8,70.1
57,35.9,4,4,19,56.2,67.8
57,35.9,4,5,20,38.3,63
57,35.9,5,1,21,55.4,62.5
57,35.9,5,2,22,47.3,58.7
57,35.9,5,3,23,40.6,63.2
57,35.9,5,4,24,48.8,63
57,35.9,5,5,25,49.2,59.2
57,35.9,6,1,26,71.9,49.8
57,35.9,6,2,27,36.7,67.8
57,35.9,6,3,28,32.5,71.7
57,35.9,6,4,29,31.2,75.2
57,35.9,6,5,30,39.2,63
57,35.9,7,1,31,23.5,78.5
57,35.9,7,2,32,40.5,75.7
57,35.9,7,3,33,57.1,74.3
57,35.9,7,4,34,44,67.8
57,35.9,7,5,35,43.5,44.3
58,41.7,1,1,1,86.3,45.7
58,41.7,1,2,2,77,41.2
58,41.7,1,3,3,52.8,36.2
58,41.7,1,4,4,84.4,30.5
58,41.7,1,5,5,73,39
58,41.7,2,1,6,62.8,28.6
58,41.7,2,2,7,87.3,32.9
58,41.7,2,3,8,69.9,29
58,41.7,2,4,9,71.4,48.9
58,41.7,2,5,10,53.9,56.9
58,41.7,3,1,11,59.6,55
58,41.7,3,2,12,62.9,41.4
58,41.7,3,3,13,79.4,47.4
58,41.7,3,4,14,59.5,49.2
58,41.7,3,5,15,78.5,45.8
58,41.7,4,1,16,53.2,46.6
58,41.7,4,2,17,70.8,32.2
58,41.7,4,3,18,62.9,53.2
58,41.7,4,4,19,70.7,61.3
58,41.7,4,5,20,72.5,46.3
58,41.7,5,1,21,88.5,49.7
58,41.7,5,2,22,59.5,45.3
58,41.7,5,3,23,57,38
58,41.7,5,4,24,63.1,45
58,41.7,5,5,25,56.3,48.8
58,41.7,6,1,26,56.3,35.2
58,41.7,6,2,27,75,42.1
58,41.7,6,3,28,61.6,57.5
58,41.7,6,4,29,72.1,46.4
58,41.7,6,5,30,54,69.2
58,41.7,7,1,31,78.3,46.3
58,41.7,7,2,32,54.9,50.9
58,41.7,7,3,33,75,24
58,41.7,7,4,34,77.5,36.3
58,41.7,7,5,35,62.2,50.6
59,60.1,1,1,1,52.5,77.6
59,60.1,1,2,2,43,80.5
59,60.1,1,3,3,37.5,92.7
59,60.1,1,4,4,41.4,97.8
59,60.1,1,5,5,51.9,89
59,60.1,2,1,6,73.9,87.2
59,60.1,2,2,7,61.8,80.7
59,60.1,2,3,8,34.8,93
59,60.1,2,4,9,25.4,81.9
59,60.1,2,5,10,55.2,81
59,60.1,3,1,11,46.7,74.1
59,60.1,3,2,12,34.1,86.1
59,60.1,3,3,13,55.8,87.7
59,60.1,3,4,14,39.1,92.8
59,60.1,3,5,15,47,89.1
59,60.1,4,1,16,40.2,84.8
59,60.1,4,2,17,22.9,95.3
59,60.1,4,3,18,42.7,89.4
59,60.1,4,4,19,64.1,78
59,60.1,4,5,20,54.7,84.7
59,60.1,5,1,21,49.7,70.6
59,60.1,5,2,22,27.8,100
59,60.1,5,3,23,25.2,100
59,60.1,5,4,24,38.3,97.8
59,60.1,5,5,25,34.6,100
59,60.1,6,1,26,51,85.5
59,60.1,6,2,27,54.4,93.1
59,60.1,6,3,28,52.8,82.9
59,60.1,6,4,29,52.1,74.8
59,60.1,6,5,30,51.9,68.4
59,60.1,7,1,31,50.5,68.3
59,60.1,7,2,32,38.9,70.9
59,60.1,7,3,33,67.4,70.5
59,60.1,7,4,34,12.5,94.3
59,60.1,7,5,35,62,79.3
60,18.8,1,1,1,59.3,33.8
60,18.8,1,2,2,46.7,40.9
60,18.8,1,3,3,58.9,36.5
60,18.8,1,4,4,44.7,48.5
60,18.8,1,5,5,41.7,51.1
60,18.8,2,1,6,69.8,52.9
60,18.8,2,2,7,63.3,50
60,18.8,2,3,8,31.4,53.5
60,18.8,2,4,9,43.9,44.9
60,18.8,2,5,10,48.6,51.7
60,18.8,3,1,11,42.8,39.3
60,18.8,3,2,12,44.3,38.4
60,18.8,3,3,13,57.4,40.4
60,18.8,3,4,14,53.9,36.2
60,18.8,3,5,15,59.5,36.8
60,18.8,4,1,16,64.7,33.7
60,18.8,4,2,17,61.2,41.5
60,18.8,4,3,18,55.5,32.7
60,18.8,4,4,19,55.3,49.9
60,18.8,4,5,20,37.6,48.8
60,18.8,5,1,21,43.7,45.3
60,18.8,5,2,22,56.5,38.2
60,18.8,5,3,23,58.6,33.4
60,18.8,5,4,24,44.4,37
60,18.8,5,5,25,69.4,36.9
60,18.8,6,1,26,61.7,46.8
60,18.8,6,2,27,43.2,52.1
60,18.8,6,3,28,62.2,35.6
60,18.8,6,4,29,49.2,48.2
60,18.8,6,5,30,58.5,45.2
60,18.8,7,1,31,68.8,34.7
60,18.8,7,2,32,35.7,55.6
60,18.8,7,3,33,33.9,41.4
60,18.8,7,4,34,56.7,51.5
60,18.8,7,5,35,46.1,56.7
61,63.2,1,1,1,47.3,94.8
61,63.2,1,2,2,18,78
61,63.2,1,3,3,51.2,70.3
61,63.2,1,4,4,47.3,63.4
61,63.2,1,5,5,24.9,62.3
61,63.2,2,1,6,40.2,55.2
61,63.2,2,2,7,30.6,74.6
61,63.2,2,3,8,45.2,70.3
61,63.2,2,4,9,16.3,80.8
61,63.2,2,5,10,40.9,72.7
61,63.2,3,1,11,50.8,60.9
61,63.2,3,2,12,40,80.2
61,63.2,3,3,13,54.4,78.4
61,63.2,3,4,14,3.4,92.7
61,63.2,3,5,15,27.3,78.7
61,63.2,4,1,16,31.1,76.4
61,63.2,4,2,17,46.1,71.9
61,63.2,4,3,18,44,74.1
61,63.2,4,4,19,25.7,66.2
61,63.2,4,5,20,46.9,76.6
61,63.2,5,1,21,44.6,72.5
61,63.2,5,2,22,53.4,71.4
61,63.2,5,3,23,29.4,66.7
61,63.2,5,4,24,28.8,63.3
61,63.2,5,5,25,44.6,72.6
61,63.2,6,1,26,36.3,70.6
61,63.2,6,2,27,19,70.9
61,63.2,6,3,28,38.3,55.6
61,63.2,6,4,29,30.8,74.7
61,63.2,6,5,30,31.9,75.7
61,63.2,7,1,31,54.6,74.6
61,63.2,7,2,32,55.1,69.1
61,63.2,7,3,33,51.6,74.1
61,63.2,7,4,34,31.8,71.3
61,63.2,7,5,35,32.2,74.9
62,81.4,1,1,1,29.3,82.9
62,81.4,1,2,2,18.8,86.8
62,81.4,1,3,3,13.2,74.8
62,81.4,1,4,4,30.5,59.6
62,81.4,1,5,5,6.2,58.2
62,81.4,2,1,6,20.4,62
62,81.4,2,2,7,26.4,73
62,81.4,2,3,8,7.5,83.6
62,81.4,2,4,9,0.5,77.3
62,81.4,2,5,10,19.6,79.4
62,81.4,3,1,11,27.5,95.7
62,81.4,3,2,12,31.2,82.8
62,81.4,3,3,13,0,77.6
62,81.4,3,4,14,18.6,80.4
62,81.4,3,5,15,16.8,69.4
62,81.4,4,1,16,13.9,56.8
62,81.4,4,2,17,30.4,53.7
62,81.4,4,3,18,12.4,65
62,81.4,4,4,19,33.6,75.6
62,81.4,4,5,20,15.7,78.3
62,81.4,5,1,21,9.8,75.9
62,81.4,5,2,22,5.8,74.6
62,81.4,5,3,23,25,77.9
62,81.4,5,4,24,22.8,77.5
62,81.4,5,5,25,13.9,74.6
62,81.4,6,1,26,4.4,70.7
62,81.4,6,2,27,21.9,76.3
62,81.4,6,3,28,0,80.5
62,81.4,6,4,29,9.5,87.7
62,81.4,6,5,30,18.1,89
62,81.4,7,1,31,17.9,73.3
62,81.4,7,2,32,26.2,76.7
62,81.4,7,3,33,18.1,86.5
62,81.4,7,4,34,22.8,91.7
62,81.4,7,5,35,3.1,80.2
63,36.1,1,1,1,34.5,67.9
63,36.1,1,2,2,55.8,46
63,36.1,1,3,3,47.6,50.6
63,36.1,1,4,4,44.7,51.7
63,36.1,1,5,5,41.2,55.1
63,36.1,2,1,6,40.5,49.6
63,36.1,2,2,7,32.6,56.8
63,36.1,2,3,8,44.5,49.4
63,36.1,2,4,9,39.2,61.7
63,36.1,2,5,10,23.5,63
63,36.1,3,1,11,45.9,53.4
63,36.1,3,2,12,26.1,50.5
63,36.1,3,3,13,27.7,53.3
63,36.1,3,4,14,29.7,42.1
63,36.1,3,5,15,31.8,50.5
63,36.1,4,1,16,56,50.5
63,36.1,4,2,17,28.4,53.5
63,36.1,4,3,18,19.6,52
63,36.1,4,4,19,27.7,53.6
63,36.1,4,5,20,7.8,64.9
63,36.1,5,1,21,56,44.1
63,36.1,5,2,22,37.4,46.2
63,36.1,5,3,23,45.3,54
63,36.1,5,4,24,42.6,55.8
63,36.1,5,5,25,24.9,71.1
63,36.1,6,1,26,44.8,59.2
63,36.1,6,2,27,39.6,44.1
63,36.1,6,3,28,24.8,54.6
63,36.1,6,4,29,27.8,67.3
63,36.1,6,5,30,46.2,50.8
63,36.1,7,1,31,11.5,66
63,36.1,7,2,32,46.9,46.1
63,36.1,7,3,33,49.3,42.3
63,36.1,7,4,34,34.8,55.4
63,36.1,7,5,35,12.5,63.6
64,47.3,1,1,1,50.9,68.5
64,47.3,1,2,2,42.4,82.5
64,47.3,1,3,3,49.8,94.2
64,47.3,1,4,4,49.1,60.9
64,47.3,1,5,5,38.5,73
64,47.3,2,1,6,26.3,73.7
64,47.3,2,2,7,59.3,64.5
64,47.3,2,3,8,41.7,60.6
64,47.3,2,4,9,53.8,57.8
64,47.3,2,5,10,53.3,61.9
64,47.3,3,1,11,50.6,66.6
64,47.3,3,2,12,48.8,56
64,47.3,3,3,13,53,57
64,47.3,3,4,14,35.9,79.6
64,47.3,3,5,15,50.4,62.1
64,47.3,4,1,16,47.1,70.1
64,47.3,4,2,17,30.5,84.8
64,47.3,4,3,18,46.5,61.3
64,47.3,4,4,19,43.8,76.1
64,47.3,4,5,20,48.4,70.8
64,47.3,5,1,21,44.5,72.7
64,47.3,5,2,22,46.5,62.1
64,47.3,5,3,23,53.8,68.9
64,47.3,5,4,24,49.2,69
64,47.3,5,5,25,38.9,70.6
64,47.3,6,1,26,31.3,79.8
64,47.3,6,2,27,55.3,57.2
64,47.3,6,3,28,27.8,72.1
64,47.3,6,4,29,44.1,81
64,47.3,6,5,30,47.6,70.3
64,47.3,7,1,31,43.2,62.3
64,47.3,7,2,32,61.2,55
64,47.3,7,3,33,49.9,61.1
64,47.3,7,4,34,39.8,62.9
64,47.3,7,5,35,68.8,54.9
65,33.9,1,1,1,46.4,53.5
65,33.9,1,2,2,56.5,60.7
65,33.9,1,3,3,25.4,83.5
65,33.9,1,4,4,35.6,75.9
65,33.9,1,5,5,63.5,51
65,33.9,2,1,6,23.7,75.7
65,33.9,2,2,7,62,71.6
65,33.9,2,3,8,35.3,73.9
65,33.9,2,4,9,56.8,72.6
65,33.9,2,5,10,35.1,75.7
65,33.9,3,1,11,34,79.5
65,33.9,3,2,12,11.9,89.9
65,33.9,3,3,13,50.9,67.3
65,33.9,3,4,14,42.3,72.8
65,33.9,3,5,15,42.2,88.6
65,33.9,4,1,16,4.8,89.9
65,33.9,4,2,17,25.1,88.2
65,33.9,4,3,18,30.1,82
65,33.9,4,4,19,19,84.7
65,33.9,4,5,20,33,71.9
65,33.9,5,1,21,40.7,65.7
65,33.9,5,2,22,33.4,70.5
65,33.9,5,3,23,21.2,73.2
65,33.9,5,4,24,40.9,77.5
65,33.9,5,5,25,41.2,67.5
65,33.9,6,1,26,44.1,62.4
65,33.9,6,2,27,40.6,79.8
65,33.9,6,3,28,40.3,86.4
65,33.9,6,4,29,6.5,83.3
65,33.9,6,5,30,49.2,75.7
65,33.9,7,1,31,65.3,68.7
65,33.9,7,2,32,49.3,77.6
65,33.9,7,3,33,42.8,52.4
65,33.9,7,4,34,23.7,68.7
65,33.9,7,5,35,45.1,56.7
66,57.9,1,1,1,56.4,55.9
66,57.9,1,2,2,69.4,34.2
66,57.9,1,3,3,77.9,25.1
66,57.9,1,4,4,51.2,42.4
66,57.9,1,5,5,71.2,37.7
66,57.9,2,1,6,55.2,33.8
66,57.9,2,2,7,44.1,53.1
66,57.9,2,3,8,76.9,52.8
66,57.9,2,4,9,68.1,57.6
66,57.9,2,5,10,74.9,49.6
66,57.9,3,1,11,53.3,44.5
66,57.9,3,2,12,43,47.7
66,57.9,3,3,13,73.1,45.6
66,57.9,3,4,14,73.7,27.9
66,57.9,3,5,15,74.6,34.3
66,57.9,4,1,16,59.1,52.6
66,57.9,4,2,17,65.5,52.6
66,57.9,4,3,18,61.9,44.3
66,57.9,4,4,19,42.1,51.9
66,57.9,4,5,20,52,55.3
66,57.9,5,1,21,71.4,47.2
66,57.9,5,2,22,63.8,53.6
66,57.9,5,3,23,54.7,38.6
66,57.9,5,4,24,56.7,33.5
66,57.9,5,5,25,60.3,46.7
66,57.9,6,1,26,73.7,41.8
66,57.9,6,2,27,44.1,53.5
66,57.9,6,3,28,75.5,39.6
66,57.9,6,4,29,74.4,22.7
66,57.9,6,5,30,48.9,52.7
66,57.9,7,1,31,82.1,38.9
66,57.9,7,2,32,70.6,33.2
66,57.9,7,3,33,54.4,37.8
66,57.9,7,4,34,75.4,40.2
66,57.9,7,5,35,51.6,42.8
67,63.4,1,1,1,68.2,54.9
67,63.4,1,2,2,80.1,45.7
67,63.4,1,3,3,59.6,41.1
67,63.4,1,4,4,78.5,35.8
67,63.4,1,5,5,45.8,44.4
67,63.4,2,1,6,28.5,47.1
67,63.4,2,2,7,71.3,40
67,63.4,2,3,8,52.8,51.8
67,63.4,2,4,9,71.1,51.6
67,63.4,2,5,10,71.4,46.9
67,63.4,3,1,11,62.9,43
67,63.4,3,2,12,77.1,46.2
67,63.4,3,3,13,63.7,51.5
67,63.4,3,4,14,68,52.1
67,63.4,3,5,15,74,51.4
67,63.4,4,1,16,55.7,61.7
67,63.4,4,2,17,66.2,60.6
67,63.4,4,3,18,58.1,63.8
67,63.4,4,4,19,56.9,54.4
67,63.4,4,5,20,84.5,43
67,63.4,5,1,21,59.1,61.4
67,63.4,5,2,22,49.5,55.7
67,63.4,5,3,23,71.7,56.9
67,63.4,5,4,24,59.7,52.1
67,63.4,5,5,25,69,49
67,63.4,6,1,26,60.1,60.2
67,63.4,6,2,27,57.9,60.2
67,63.4,6,3,28,68.2,43.8
67,63.4,6,4,29,82.6,50.9
67,63.4,6,5,30,38.1,65.8
67,63.4,7,1,31,52.8,65.3
67,63.4,7,2,32,47.1,42
67,63.4,7,3,33,57.1,49.5
67,63.4,7,4,34,82.5,43.2
67,63.4,7,5,35,82,47.9
68,59.5,1,1,1,42.2,59
68,59.5,1,2,2,40.6,62.3
68,59.5,1,3,3,56.9,51.4
68,59.5,1,4,4,47.1,68.7
68,59.5,1,5,5,37.8,62.5
68,59.5,2,1,6,37.8,74.2
68,59.5,2,2,7,43.1,68.7
68,59.5,2,3,8,39.2,63.4
68,59.5,2,4,9,46.7,61.7
68,59.5,2,5,10,65.1,30.7
68,59.5,3,1,11,40.8,59.9
68,59.5,3,2,12,62.7,46.5
68,59.5,3,3,13,20.2,73.2
68,59.5,3,4,14,67.4,41.9
68,59.5,3,5,15,40.7,58.8
68,59.5,4,1,16,51.1,52.1
68,59.5,4,2,17,56.3,65.3
68,59.5,4,3,18,47.2,67.3
68,59.5,4,4,19,49.7,68.1
68,59.5,4,5,20,44.8,69.3
68,59.5,5,1,21,40.2,66.7
68,59.5,5,2,22,49,66.2
68,59.5,5,3,23,45.6,65
68,59.5,5,4,24,37.6,54.2
68,59.5,5,5,25,33,55.1
68,59.5,6,1,26,33.7,73
68,59.5,6,2,27,52.4,55.9
68,59.5,6,3,28,18.5,74
68,59.5,6,4,29,32.7,67.5
68,59.5,6,5,30,46.9,56.3
68,59.5,7,1,31,47.7,53.3
68,59.5,7,2,32,28.3,69.6
68,59.5,7,3,33,33.4,64.6
68,59.5,7,4,34,30,69.9
68,59.5,7,5,35,34.3,82.1
69,64.3,1,1,1,31.7,72.3
69,64.3,1,2,2,39.5,77.4
69,64.3,1,3,3,36.9,60.4
69,64.3,1,4,4,35.4,55.5
69,64.3,1,5,5,33.8,53.3
69,64.3,2,1,6,5.7,68.7
69,64.3,2,2,7,32.8,71.1
69,64.3,2,3,8,32.2,73.5
69,64.3,2,4,9,23.9,67.3
69,64.3,2,5,10,20.2,71.1
69,64.3,3,1,11,18.4,57.1
69,64.3,3,2,12,32.8,65.2
69,64.3,3,3,13,34.8,66.8
69,64.3,3,4,14,23.4,69.3
69,64.3,3,5,15,35.1,81.2
69,64.3,4,1,16,49.7,56.8
69,64.3,4,2,17,20.2,79.3
69,64.3,4,3,18,47,68.7
69,64.3,4,4,19,26.7,70.6
69,64.3,4,5,20,27.1,80.7
69,64.3,5,1,21,26.6,66
69,64.3,5,2,22,20.4,73.7
69,64.3,5,3,23,18.1,89.4
69,64.3,5,4,24,24.5,68.9
69,64.3,5,5,25,24.9,78.7
69,64.3,6,1,26,29.9,78.6
69,64.3,6,2,27,18.3,70.7
69,64.3,6,3,28,18,78.6
69,64.3,6,4,29,25.6,66.3
69,64.3,6,5,30,24.2,82.6
69,64.3,7,1,31,32.8,74.9
69,64.3,7,2,32,50.6,67.2
69,64.3,7,3,33,29.4,83.1
69,64.3,7,4,34,46.2,68.9
69,64.3,7,5,35,31.6,70.8
70,40.2,1,1,1,38.1,81.8
70,40.2,1,2,2,16.2,87.6
70,40.2,1,3,3,44.4,71.8
70,40.2,1,4,4,22.5,87.7
70,40.2,1,5,5,15,93.5
70,40.2,2,1,6,35.5,95.4
70,40.2,2,2,7,35,87.8
70,40.2,2,3,8,33.5,82.8
70,40.2,2,4,9,28.8,89.8
70,40.2,2,5,10,16.1,96.4
70,40.2,3,1,11,44.4,78.1
70,40.2,3,2,12,17.4,87.7
70,40.2,3,3,13,57.6,64.8
70,40.2,3,4,14,41.1,82.9
70,40.2,3,5,15,35.7,75.7
70,40.2,4,1,16,33.5,67.5
70,40.2,4,2,17,28.1,71.1
70,40.2,4,3,18,45.2,66.5
70,40.2,4,4,19,47.7,72.7
70,40.2,4,5,20,57.5,62.2
70,40.2,5,1,21,25.9,89.6
70,40.2,5,2,22,10.8,98.2
70,40.2,5,3,23,38.2,86.7
70,40.2,5,4,24,60.3,85.5
70,40.2,5,5,25,38.7,91
70,40.2,6,1,26,49.6,64.8
70,40.2,6,2,27,29.4,80.9
70,40.2,6,3,28,39.4,83.6
70,40.2,6,4,29,45.8,63.4
70,40.2,6,5,30,15.7,84.8
70,40.2,7,1,31,31.2,72.9
70,40.2,7,2,32,34.7,72.5
70,40.2,7,3,33,31.6,80.3
70,40.2,7,4,34,33.8,81.6
70,40.2,7,5,35,31.8,66.1
71,72.9,1,1,1,20.2,65.6
71,72.9,1,2,2,28.5,63.8
71,72.9,1,3,3,59.3,63.5
71,72.9,1,4,4,43.6,80.7
71,72.9,1,5,5,34.6,63
71,72.9,2,1,6,36.1,71.1
71,72.9,2,2,7,44.9,69.1
71,72.9,2,3,8,20.8,68.4
71,72.9,2,4,9,37.9,57.2
71,72.9,2,5,10,15.4,71.8
71,72.9,3,1,11,19,69.7
71,72.9,3,2,12,28.7,58.9
71,72.9,3,3,13,30.4,58.2
71,72.9,3,4,14,31.5,69.2
71,72.9,3,5,15,27.9,67.7
71,72.9,4,1,16,35.3,79.1
71,72.9,4,2,17,35.6,69.3
71,72.9,4,3,18,31.1,72.8
71,72.9,4,4,19,30.7,66
71,72.9,4,5,20,30.5,69.1
71,72.9,5,1,21,34.4,53.5
71,72.9,5,2,22,48.5,63.6
71,72.9,5,3,23,33.6,67.7
71,72.9,5,4,24,21.6,60.4
71,72.9,5,5,25,44.7,64.1
71,72.9,6,1,26,40.9,64.7
71,72.9,6,2,27,28.3,71.3
71,72.9,6,3,28,20.3,80.2
71,72.9,6,4,29,42.6,52.7
71,72.9,6,5,30,28,49.3
71,72.9,7,1,31,24.1,68.3
71,72.9,7,2,32,31.1,65.7
71,72.9,7,3,33,30.9,58.2
71,72.9,7,4,34,42,69
71,72.9,7,5,35,31.9,62.6
72,73.6,1,1,1,41.3,64.3
72,73.6,1,2,2,35.5,63.9
72,73.6,1,3,3,40,63.1
72,73.6,1,4,4,34.7,61.4
72,73.6,1,5,5,62.3,47.2
72,73.6,2,1,6,46.2,56.3
72,73.6,2,2,7,47.8,63.2
72,73.6,2,3,8,42.8,63.4
72,73.6,2,4,9,44.4,53
72,73.6,2,5,10,62,47.3
72,73.6,3,1,11,46.6,48.1
72,73.6,3,2,12,31.6,61.8
72,73.6,3,3,13,43.2,52.5
72,73.6,3,4,14,67.9,36.5
72,73.6,3,5,15,44.4,56.6
72,73.6,4,1,16,48.4,51.2
72,73.6,4,2,17,32.3,65.2
72,73.6,4,3,18,42.7,71.5
72,73.6,4,4,19,41.1,79.8
72,73.6,4,5,20,46.5,64.4
72,73.6,5,1,21,29.4,71.8
72,73.6,5,2,22,67.6,57.1
72,73.6,5,3,23,44.4,58.7
72,73.6,5,4,24,42.9,61.8
72,73.6,5,5,25,78.9,47.6
72,73.6,6,1,26,44.6,58.7
72,73.6,6,2,27,57.2,63.8
72,73.6,6,3,28,43.7,63.2
72,73.6,6,4,29,56.2,70.4
72,73.6,6,5,30,68.4,49.7
72,73.6,7,1,31,69.9,37.7
72,73.6,7,2,32,45.2,61.1
72,73.6,7,3,33,40.7,69.7
72,73.6,7,4,34,39.7,55.8
72,73.6,7,5,35,66.6,41.3
73,41.6,1,1,1,54.9,44.7
73,41.6,1,2,2,37.6,50.6
73,41.6,1,3,3,77.5,45.2
73,41.6,1,4,4,54.5,37.9
73,41.6,1,5,5,41.1,57.6
73,41.6,2,1,6,72.4,47.4
73,41.6,2,2,7,42.2,65.1
73,41.6,2,3,8,50.2,62.7
73,41.6,2,4,9,48.2,58.3
73,41.6,2,5,10,53.8,63.7
73,41.6,3,1,11,70.6,54
73,41.6,3,2,12,58.9,56
73,41.6,3,3,13,42.7,58.8
73,41.6,3,4,14,69.4,42
73,41.6,3,5,15,87.8,47.6
73,41.6,4,1,16,60.4,48.8
73,41.6,4,2,17,50.6,47
73,41.6,4,3,18,69.2,57.8
73,41.6,4,4,19,75.7,61.9
73,41.6,4,5,20,64.7,56.7
73,41.6,5,1,21,57.3,51.9
73,41.6,5,2,22,44.2,80.7
73,41.6,5,3,23,82.2,57
73,41.6,5,4,24,57.9,47.8
73,41.6,5,5,25,48.5,62.2
73,41.6,6,1,26,30.5,80.5
73,41.6,6,2,27,54,74.6
73,41.6,6,3,28,38.3,73.4
73,41.6,6,4,29,48,71
73,41.6,6,5,30,56.1,52.2
73,41.6,7,1,31,54,58.6
73,41.6,7,2,32,71.3,59.8
73,41.6,7,3,33,81.3,58.4
73,41.6,7,4,34,68.4,59.8
73,41.6,7,5,35,43.8,73.4
74,55.9,1,1,1,38.7,64.8
74,55.9,1,2,2,62.2,74.6
74,55.9,1,3,3,45.2,61.9
74,55.9,1,4,4,19.1,64.9
74,55.9,1,5,5,35.7,69
74,55.9,2,1,6,40.6,70.6
74,55.9,2,2,7,60.3,53
74,55.9,2,3,8,28.6,48.4
74,55.9,2,4,9,38.6,59.7
74,55.9,2,5,10,56.3,61.4
74,55.9,3,1,11,40.3,70.8
74,55.9,3,2,12,56.3,60.5
74,55.9,3,3,13,31.4,58.3
74,55.9,3,4,14,39.5,49.6
74,55.9,3,5,15,43.9,69.5
74,55.9,4,1,16,36.9,67.7
74,55.9,4,2,17,48,57.2
74,55.9,4,3,18,28.4,57.9
74,55.9,4,4,19,49.1,61.1
74,55.9,4,5,20,36,67.8
74,55.9,5,1,21,10.3,77.4
74,55.9,5,2,22,33.6,52.2
74,55.9,5,3,23,31.6,50.3
74,55.9,5,4,24,0,60.8
74,55.9,5,5,25,36.1,67.1
74,55.9,6,1,26,26.4,71.1
74,55.9,6,2,27,29.3,61.2
74,55.9,6,3,28,30.8,65.1
74,55.9,6,4,29,28,80.9
74,55.9,6,5,30,26.5,78.8
74,55.9,7,1,31,42.8,63.6
74,55.9,7,2,32,62.9,44.6
74,55.9,7,3,33,38,51.5
74,55.9,7,4,34,31.9,71
74,55.9,7,5,35,39.2,44.8
75,78.5,1,1,1,23.7,69.8
75,78.5,1,2,2,3.4,82.5
75,78.5,1,3,3,16.2,77.2
75,78.5,1,4,4,26.1,66.2
75,78.5,1,5,5,46.1,82.8
75,78.5,2,1,6,0,70.1
75,78.5,2,2,7,37.9,73.4
75,78.5,2,3,8,31.2,73.7
75,78.5,2,4,9,36.5,73.1
75,78.5,2,5,10,37.2,80.4
75,78.5,3,1,11,45.5,74.6
75,78.5,3,2,12,24.5,65
75,78.5,3,3,13,35,59.6
75,78.5,3,4,14,11.8,68.6
75,78.5,3,5,15,25.3,65.2
75,78.5,4,1,16,34.8,71.5
75,78.5,4,2,17,6.6,66.5
75,78.5,4,3,18,42.6,78.3
75,78.5,4,4,19,27.9,77.5
75,78.5,4,5,20,28.2,63.4
75,78.5,5,1,21,21.5,63
75,78.5,5,2,22,36.2,77.7
75,78.5,5,3,23,10.9,83.4
75,78.5,5,4,24,18.2,96.5
75,78.5,5,5,25,15.8,72
75,78.5,6,1,26,24.1,70.3
75,78.5,6,2,27,25.3,73.5
75,78.5,6,3,28,46.9,73.5
75,78.5,6,4,29,19.3,70.8
75,78.5,6,5,30,7.6,70.8
75,78.5,7,1,31,14.2,67.3
75,78.5,7,2,32,0,71
75,78.5,7,3,33,30.8,68.2
75,78.5,7,4,34,40.7,74.1
75,78.5,7,5,35,38.6,65.2
76,80.3,1,1,1,57.7,59.8
76,80.3,1,2,2,59.9,64
76,80.3,1,3,3,41.8,64.1
76,80.3,1,4,4,55.3,61.7
76,80.3,1,5,5,45,47.5
76,80.3,2,1,6,44.7,49.7
76,80.3,2,2,7,33.1,72.2
76,80.3,2,3,8,37.8,70.3
76,80.3,2,4,9,55.5,55.8
76,80.3,2,5,10,55.4,54.7
76,80.3,3,1,11,69.2,56.7
76,80.3,3,2,12,61.5,56.5
76,80.3,3,3,13,64.6,68.7
76,80.3,3,4,14,58,63.6
76,80.3,3,5,15,48.7,60.1
76,80.3,4,1,16,45.4,62.9
76,80.3,4,2,17,68.8,58.1
76,80.3,4,3,18,43.8,58.5
76,80.3,4,4,19,55.6,78.6
76,80.3,4,5,20,68.4,67
76,80.3,5,1,21,68.6,58
76,80.3,5,2,22,68.6,57.3
76,80.3,5,3,23,60.8,50.4
76,80.3,5,4,24,47.6,52.4
76,80.3,5,5,25,37.5,61.5
76,80.3,6,1,26,78,64.1
76,80.3,6,2,27,39,64
76,80.3,6,3,28,53.5,65.1
76,80.3,6,4,29,56,62.2
76,80.3,6,5,30,43.9,59.8
76,80.3,7,1,31,53.8,54.5
76,80.3,7,2,32,49.8,66.1
76,80.3,7,3,33,61.4,62.3
76,80.3,7,4,34,70.6,63.7
76,80.3,7,5,35,39.6,57.9
77,30.1,1,1,1,43.9,60.6
77,30.1,1,2,2,50.2,60.4
77,30.1,1,3,3,51,61.6
77,30.1,1,4,4,62.2,56.7
77,30.1,1,5,5,47.1,57
77,30.1,2,1,6,44.3,39.7
77,30.1,2,2,7,51.2,48.7
77,30.1,2,3,8,43.7,66.2
77,30.1,2,4,9,25.3,76
77,30.1,2,5,10,51.4,56.2
77,30.1,3,1,11,27.3,81
77,30.1,3,2,12,44.6,76.5
77,30.1,3,3,13,39.7,75.9
77,30.1,3,4,14,58.4,65.6
77,30.1,3,5,15,56.6,48.7
77,30.1,4,1,16,55.1,56.6
77,30.1,4,2,17,30.5,70.2
77,30.1,4,3,18,31.4,56.6
77,30.1,4,4,19,36.6,66.1
77,30.1,4,5,20,52.4,64.4
77,30.1,5,1,21,29.1,63.4
77,30.1,5,2,22,50.6,42.7
77,30.1,5,3,23,33.1,64.7
77,30.1,5,4,24,34.5,78.2
77,30.1,5,5,25,42.8,54.9
77,30.1,6,1,26,30.3,65.5
77,30.1,6,2,27,49.8,65.3
77,30.1,6,3,28,34.4,87.9
77,30.1,6,4,29,19.7,73.7
77,30.1,6,5,30,52,67.6
77,30.1,7,1,31,36.6,81.7
77,30.1,7,2,32,25.6,82.6
77,30.1,7,3,33,62.8,61.4
77,30.1,7,4,34,28.7,76.8
77,30.1,7,5,35,51.6,74.6
78,44.5,1,1,1,85.9,47.7
78,44.5,1,2,2,65.1,42.3
78,44.5,1,3,3,44.1,36.8
78,44.5,1,4,4,60.6,35.9
78,44.5,1,5,5,59.4,34.6
78,44.5,2,1,6,50.9,48.2
78,44.5,2,2,7,71.4,46.8
78,44.5,2,3,8,61.1,39.1
78,44.5,2,4,9,65.2,31.7
78,44.5,2,5,10,59.1,52
78,44.5,3,1,11,90.3,41.3
78,44.5,3,2,12,72.4,40.3
78,44.5,3,3,13,67,50.7
78,44.5,3,4,14,68,37.3
78,44.5,3,5,15,93.1,23.4
78,44.5,4,1,16,73.8,19.2
78,44.5,4,2,17,62.2,41.4
78,44.5,4,3,18,60.5,41.4
78,44.5,4,4,19,57.9,25.1
78,44.5,4,5,20,91.2,29.7
78,44.5,5,1,21,56.1,48.4
78,44.5,5,2,22,86.9,30.2
78,44.5,5,3,23,83,48.1
78,44.5,5,4,24,90.8,40.1
78,44.5,5,5,25,77.6,55.7
78,44.5,6,1,26,76.7,40.6
78,44.5,6,2,27,62.7,46.4
78,44.5,6,3,28,79.4,35.7
78,44.5,6,4,29,71.3,46.2
78,44.5,6,5,30,74.6,23
78,44.5,7,1,31,63.5,32.8
78,44.5,7,2,32,77.1,30
78,44.5,7,3,33,86.2,29.5
78,44.5,7,4,34,64.1,37.4
78,44.5,7,5,35,82.5,31.4
79,66.2,1,1,1,83.8,58.4
79,66.2,1,2,2,75.6,50.4
79,66.2,1,3,3,76.2,38.4
79,66.2,1,4,4,72.9,47.8
79,66.2,1,5,5,58.6,48.8
79,66.2,2,1,6,63.3,49.7
79,66.2,2,2,7,92,36.8
79,66.2,2,3,8,62.4,62.7
79,66.2,2,4,9,61.2,69.6
79,66.2,2,5,10,59.5,63.7
79,66.2,3,1,11,85.8,46.5
79,66.2,3,2,12,63.5,49
79,66.2,3,3,13,77.6,54.6
79,66.2,3,4,14,65.3,55.7
79,66.2,3,5,15,64,55.4
79,66.2,4,1,16,81.8,52.4
79,66.2,4,2,17,69.9,54.2
79,66.2,4,3,18,75.7,47.5
79,66.2,4,4,19,82.7,60.5
79,66.2,4,5,20,71.8,65.8
79,66.2,5,1,21,66.7,59.5
79,66.2,5,2,22,50,58.2
79,66.2,5,3,23,81.4,60
79,66.2,5,4,24,73.8,62.9
79,66.2,5,5,25,62.5,67.3
79,66.2,6,1,26,77.9,52.5
79,66.2,6,2,27,69.2,55.2
79,66.2,6,3,28,75.3,58.9
79,66.2,6,4,29,47.9,73.6
79,66.2,6,5,30,44.4,62.8
79,66.2,7,1,31,82.9,41.8
79,66.2,7,2,32,70.1,48.4
79,66.2,7,3,33,69.7,64
79,66.2,7,4,34,56.9,56.7
79,66.2,7,5,35,75.8,57.3
80,56.4,1,1,1,11.3,75.7
80,56.4,1,2,2,1.7,72.4
80,56.4,1,3,3,29.9,61.8
80,56.4,1,4,4,0.1,82.1
80,56.4,1,5,5,23.4,52.9
80,56.4,2,1,6,7.9,72.7
80,56.4,2,2,7,15.2,88.2
80,56.4,2,3,8,12.4,73
80,56.4,2,4,9,26.6,62.2
80,56.4,2,5,10,43.6,50.2
80,56.4,3,1,11,17.4,69.9
80,56.4,3,2,12,0,81
80,56.4,3,3,13,0,78.6
80,56.4,3,4,14,9,80.5
80,56.4,3,5,15,37.7,56.8
80,56.4,4,1,16,30.8,55.7
80,56.4,4,2,17,20.6,65
80,56.4,4,3,18,0,71.2
80,56.4,4,4,19,6.1,77.7
80,56.4,4,5,20,5.2,71.2
80,56.4,5,1,21,11.7,70.3
80,56.4,5,2,22,18.3,63.6
80,56.4,5,3,23,1.5,84.2
80,56.4,5,4,24,14.1,82
80,56.4,5,5,25,8.8,87
80,56.4,6,1,26,31.1,62.2
80,56.4,6,2,27,6.8,73.9
80,56.4,6,3,28,13.5,80.1
80,56.4,6,4,29,7.8,85.5
80,56.4,6,5,30,0,82.4
80,56.4,7,1,31,34,57.6
80,56.4,7,2,32,27.7,45.1
80,56.4,7,3,33,0,64.2
80,56.4,7,4,34,19.8,59.8
80,56.4,7,5,35,19.8,69
